{
"type": "FeatureCollection",
"name": "A51-24_13218",
"crs": { "type": "name", "properties": { "name": "urn:ogc:def:crs:EPSG::6668" } },
"features": [
{ "type": "Feature", "properties": { "A51_001": "東京都", "A51_002": "13", "A51_003": "福生市", "A51_004": "13218", "A51_005": "0.3m未満" }, "geometry": { "type": "Polygon", "coordinates": [ [ [ 139.337256294, 35.715066082 ], [ 139.337145774, 35.715065626 ], [ 139.337145215, 35.71515576 ], [ 139.337144657, 35.715245893 ], [ 139.337255177, 35.715246348 ], [ 139.337254618, 35.715336482 ], [ 139.337365139, 35.715336937 ], [ 139.337475659, 35.715337393 ], [ 139.33758618, 35.715337848 ], [ 139.337585622, 35.715427981 ], [ 139.337696142, 35.715428437 ], [ 139.3376967, 35.715338303 ], [ 139.337697258, 35.71524817 ], [ 139.337586738, 35.715247715 ], [ 139.337476218, 35.715247259 ], [ 139.337476776, 35.715157126 ], [ 139.337366256, 35.715156671 ], [ 139.337366814, 35.715066537 ], [ 139.337256294, 35.715066082 ] ] ] } },
{ "type": "Feature", "properties": { "A51_001": "東京都", "A51_002": "13", "A51_003": "福生市", "A51_004": "13218", "A51_005": "0.3m未満" }, "geometry": { "type": "Polygon", "coordinates": [ [ [ 139.330483993, 35.719905294 ], [ 139.330373466, 35.719904832 ], [ 139.3303729, 35.719994965 ], [ 139.330372333, 35.720085098 ], [ 139.33048286, 35.72008556 ], [ 139.330483427, 35.719995427 ], [ 139.330483993, 35.719905294 ] ] ] } },
{ "type": "Feature", "properties": { "A51_001": "東京都", "A51_002": "13", "A51_003": "福生市", "A51_004": "13218", "A51_005": "0.3m未満" }, "geometry": { "type": "Polygon", "coordinates": [ [ [ 139.330480595, 35.720446093 ], [ 139.330481161, 35.72035596 ], [ 139.330481728, 35.720265826 ], [ 139.330482294, 35.720175693 ], [ 139.330371767, 35.720175231 ], [ 139.3303712, 35.720265365 ], [ 139.330370634, 35.720355498 ], [ 139.330370067, 35.720445631 ], [ 139.330480595, 35.720446093 ] ] ] } },
{ "type": "Feature", "properties": { "A51_001": "東京都", "A51_002": "13", "A51_003": "福生市", "A51_004": "13218", "A51_005": "0.3m未満" }, "geometry": { "type": "Polygon", "coordinates": [ [ [ 139.330480595, 35.720446093 ], [ 139.330480029, 35.720536226 ], [ 139.330479462, 35.720626359 ], [ 139.330478896, 35.720716492 ], [ 139.330589424, 35.720716954 ], [ 139.33058999, 35.720626821 ], [ 139.330590556, 35.720536688 ], [ 139.330591122, 35.720446554 ], [ 139.330480595, 35.720446093 ] ] ] } },
{ "type": "Feature", "properties": { "A51_001": "東京都", "A51_002": "13", "A51_003": "福生市", "A51_004": "13218", "A51_005": "0.3m未満" }, "geometry": { "type": "Polygon", "coordinates": [ [ [ 139.330589424, 35.720716954 ], [ 139.330588857, 35.720807087 ], [ 139.330588291, 35.72089722 ], [ 139.330587725, 35.720987353 ], [ 139.330698253, 35.720987815 ], [ 139.330698819, 35.720897682 ], [ 139.330699385, 35.720807549 ], [ 139.330699951, 35.720717416 ], [ 139.330589424, 35.720716954 ] ] ] } },
{ "type": "Feature", "properties": { "A51_001": "東京都", "A51_002": "13", "A51_003": "福生市", "A51_004": "13218", "A51_005": "0.3m未満" }, "geometry": { "type": "Polygon", "coordinates": [ [ [ 139.330697687, 35.721077948 ], [ 139.330587159, 35.721077486 ], [ 139.330586592, 35.721167619 ], [ 139.330697121, 35.721168081 ], [ 139.330697687, 35.721077948 ] ] ] } },
{ "type": "Feature", "properties": { "A51_001": "東京都", "A51_002": "13", "A51_003": "福生市", "A51_004": "13218", "A51_005": "0.3m未満" }, "geometry": { "type": "Polygon", "coordinates": [ [ [ 139.330037351, 35.720624511 ], [ 139.329926824, 35.720624048 ], [ 139.329926257, 35.720714181 ], [ 139.32992569, 35.720804315 ], [ 139.329925123, 35.720894448 ], [ 139.329924556, 35.720984581 ], [ 139.329923989, 35.721074714 ], [ 139.329923422, 35.721164847 ], [ 139.329922855, 35.72125498 ], [ 139.330033383, 35.721255442 ], [ 139.33003395, 35.721165309 ], [ 139.330034517, 35.721075176 ], [ 139.330035084, 35.720985043 ], [ 139.330035651, 35.72089491 ], [ 139.330036218, 35.720804777 ], [ 139.330036785, 35.720714644 ], [ 139.330037351, 35.720624511 ] ] ] } },
{ "type": "Feature", "properties": { "A51_001": "東京都", "A51_002": "13", "A51_003": "福生市", "A51_004": "13218", "A51_005": "0.3m未満" }, "geometry": { "type": "Polygon", "coordinates": [ [ [ 139.331248632, 35.721350654 ], [ 139.331138103, 35.721350193 ], [ 139.331137538, 35.721440326 ], [ 139.331136972, 35.721530459 ], [ 139.331247501, 35.721530921 ], [ 139.33135803, 35.721531382 ], [ 139.331468559, 35.721531843 ], [ 139.331469124, 35.72144171 ], [ 139.331358595, 35.721441249 ], [ 139.331359161, 35.721351115 ], [ 139.331248632, 35.721350654 ] ] ] } },
{ "type": "Feature", "properties": { "A51_001": "東京都", "A51_002": "13", "A51_003": "福生市", "A51_004": "13218", "A51_005": "0.3m未満" }, "geometry": { "type": "Polygon", "coordinates": [ [ [ 139.330693724, 35.72170888 ], [ 139.33069429, 35.721618747 ], [ 139.330694856, 35.721528613 ], [ 139.330584327, 35.721528152 ], [ 139.330583761, 35.721618285 ], [ 139.330583195, 35.721708418 ], [ 139.330693724, 35.72170888 ] ] ] } },
{ "type": "Feature", "properties": { "A51_001": "東京都", "A51_002": "13", "A51_003": "福生市", "A51_004": "13218", "A51_005": "0.3m未満" }, "geometry": { "type": "Polygon", "coordinates": [ [ [ 139.332343762, 35.722977657 ], [ 139.332233231, 35.722977197 ], [ 139.332232667, 35.72306733 ], [ 139.332343198, 35.72306779 ], [ 139.332453729, 35.72306825 ], [ 139.332454293, 35.722978117 ], [ 139.332343762, 35.722977657 ] ] ] } },
{ "type": "Feature", "properties": { "A51_001": "東京都", "A51_002": "13", "A51_003": "福生市", "A51_004": "13218", "A51_005": "0.3m未満" }, "geometry": { "type": "Polygon", "coordinates": [ [ [ 139.333117479, 35.722980875 ], [ 139.333006948, 35.722980416 ], [ 139.333006384, 35.723070549 ], [ 139.333116915, 35.723071009 ], [ 139.333117479, 35.722980875 ] ] ] } },
{ "type": "Feature", "properties": { "A51_001": "東京都", "A51_002": "13", "A51_003": "福生市", "A51_004": "13218", "A51_005": "0.3m未満" }, "geometry": { "type": "Polygon", "coordinates": [ [ [ 139.332784194, 35.723249896 ], [ 139.332673663, 35.723249436 ], [ 139.332673099, 35.723339569 ], [ 139.332783631, 35.723340029 ], [ 139.332894162, 35.723340489 ], [ 139.333004694, 35.723340948 ], [ 139.333005257, 35.723250815 ], [ 139.332894726, 35.723250356 ], [ 139.332784194, 35.723249896 ] ] ] } },
{ "type": "Feature", "properties": { "A51_001": "東京都", "A51_002": "13", "A51_003": "福生市", "A51_004": "13218", "A51_005": "0.3m未満" }, "geometry": { "type": "Polygon", "coordinates": [ [ [ 139.330693724, 35.72170888 ], [ 139.330693158, 35.721799013 ], [ 139.330692592, 35.721889146 ], [ 139.330692026, 35.721979279 ], [ 139.330581496, 35.721978817 ], [ 139.330470967, 35.721978355 ], [ 139.330471533, 35.721888222 ], [ 139.330472099, 35.721798089 ], [ 139.33036157, 35.721797627 ], [ 139.330361003, 35.72188776 ], [ 139.330360437, 35.721977893 ], [ 139.330249907, 35.721977431 ], [ 139.330249341, 35.722067565 ], [ 139.330248774, 35.722157698 ], [ 139.330138244, 35.722157235 ], [ 139.330137678, 35.722247369 ], [ 139.330027148, 35.722246906 ], [ 139.330026581, 35.722337039 ], [ 139.330026014, 35.722427172 ], [ 139.330025447, 35.722517306 ], [ 139.33002488, 35.722607439 ], [ 139.330024313, 35.722697572 ], [ 139.330134844, 35.722698034 ], [ 139.330245374, 35.722698496 ], [ 139.330355905, 35.722698958 ], [ 139.330355338, 35.722789091 ], [ 139.330354772, 35.722879224 ], [ 139.330354205, 35.722969357 ], [ 139.330353639, 35.72305949 ], [ 139.330353072, 35.723149623 ], [ 139.330352505, 35.723239757 ], [ 139.330351939, 35.72332989 ], [ 139.330351372, 35.723420023 ], [ 139.330240841, 35.723419561 ], [ 139.330240274, 35.723509694 ], [ 139.330350806, 35.723510156 ], [ 139.330350239, 35.723600289 ], [ 139.330349673, 35.723690422 ], [ 139.330349106, 35.723780555 ], [ 139.33034854, 35.723870688 ], [ 139.330459072, 35.72387115 ], [ 139.330459638, 35.723781017 ], [ 139.330460205, 35.723690884 ], [ 139.330460771, 35.723600751 ], [ 139.330461337, 35.723510618 ], [ 139.330461904, 35.723420485 ], [ 139.33046247, 35.723330352 ], [ 139.330463037, 35.723240219 ], [ 139.330463603, 35.723150085 ], [ 139.33046417, 35.723059952 ], [ 139.330464736, 35.722969819 ], [ 139.330465302, 35.722879686 ], [ 139.330575833, 35.722880148 ], [ 139.3305764, 35.722790015 ], [ 139.330576966, 35.722699882 ], [ 139.330577532, 35.722609749 ], [ 139.330688063, 35.722610211 ], [ 139.330798593, 35.722610672 ], [ 139.330799159, 35.722520539 ], [ 139.330799725, 35.722430406 ], [ 139.330800291, 35.722340273 ], [ 139.330800857, 35.72225014 ], [ 139.330690327, 35.722249678 ], [ 139.330690893, 35.722159545 ], [ 139.330801423, 35.722160007 ], [ 139.330911953, 35.722160468 ], [ 139.330911387, 35.722250601 ], [ 139.331021917, 35.722251063 ], [ 139.331021351, 35.722341196 ], [ 139.331131881, 35.722341657 ], [ 139.331242411, 35.722342118 ], [ 139.331352941, 35.72234258 ], [ 139.331352376, 35.722432713 ], [ 139.331351811, 35.722522846 ], [ 139.33124128, 35.722522385 ], [ 139.331240715, 35.722612518 ], [ 139.331351245, 35.722612979 ], [ 139.33135068, 35.722703112 ], [ 139.331350114, 35.722793245 ], [ 139.331349549, 35.722883378 ], [ 139.331348983, 35.722973511 ], [ 139.331348418, 35.723063644 ], [ 139.331347853, 35.723153777 ], [ 139.331347287, 35.72324391 ], [ 139.331457818, 35.723244371 ], [ 139.331457253, 35.723334505 ], [ 139.331567785, 35.723334965 ], [ 139.331678316, 35.723335426 ], [ 139.331677751, 35.723425559 ], [ 139.331788283, 35.72342602 ], [ 139.331788848, 35.723335887 ], [ 139.331899379, 35.723336348 ], [ 139.33200991, 35.723336808 ], [ 139.332120442, 35.723337269 ], [ 139.332230973, 35.723337729 ], [ 139.332341505, 35.723338189 ], [ 139.332342069, 35.723248056 ], [ 139.332231538, 35.723247596 ], [ 139.332121006, 35.723247136 ], [ 139.332121571, 35.723157002 ], [ 139.332122136, 35.723066869 ], [ 139.332011604, 35.723066409 ], [ 139.331901073, 35.723065948 ], [ 139.331901638, 35.722975815 ], [ 139.331791107, 35.722975355 ], [ 139.331791672, 35.722885222 ], [ 139.331792237, 35.722795089 ], [ 139.331792802, 35.722704955 ], [ 139.331793367, 35.722614822 ], [ 139.331903897, 35.722615283 ], [ 139.331904462, 35.72252515 ], [ 139.331793932, 35.722524689 ], [ 139.331794497, 35.722434556 ], [ 139.331795062, 35.722344423 ], [ 139.331684532, 35.722343962 ], [ 139.331683967, 35.722434095 ], [ 139.331683402, 35.722524228 ], [ 139.331682836, 35.722614362 ], [ 139.331682271, 35.722704495 ], [ 139.331681706, 35.722794628 ], [ 139.331681141, 35.722884761 ], [ 139.331680576, 35.722974894 ], [ 139.331680011, 35.723065027 ], [ 139.331790542, 35.723065488 ], [ 139.331789977, 35.723155621 ], [ 139.331789412, 35.723245754 ], [ 139.331678881, 35.723245293 ], [ 139.33156835, 35.723244832 ], [ 139.331568915, 35.723154699 ], [ 139.331458384, 35.723154238 ], [ 139.331458949, 35.723064105 ], [ 139.331459514, 35.722973972 ], [ 139.33146008, 35.722883839 ], [ 139.331460645, 35.722793706 ], [ 139.33146121, 35.722703573 ], [ 139.331461776, 35.72261344 ], [ 139.331462341, 35.722523307 ], [ 139.331462906, 35.722433174 ], [ 139.331463471, 35.722343041 ], [ 139.331464037, 35.722252907 ], [ 139.331464602, 35.722162774 ], [ 139.331465167, 35.722072641 ], [ 139.331575697, 35.722073102 ], [ 139.331686227, 35.722073563 ], [ 139.331685662, 35.722163696 ], [ 139.331685097, 35.722253829 ], [ 139.331795627, 35.72225429 ], [ 139.331906157, 35.722254751 ], [ 139.331906721, 35.722164617 ], [ 139.331796191, 35.722164157 ], [ 139.331796756, 35.722074024 ], [ 139.331797321, 35.721983891 ], [ 139.331686792, 35.72198343 ], [ 139.331576262, 35.721982969 ], [ 139.331465733, 35.721982508 ], [ 139.331355203, 35.721982047 ], [ 139.331244673, 35.721981586 ], [ 139.331134144, 35.721981125 ], [ 139.33113471, 35.721890992 ], [ 139.33102418, 35.72189053 ], [ 139.331023614, 35.721980664 ], [ 139.330913085, 35.721980202 ], [ 139.330913651, 35.721890069 ], [ 139.330914217, 35.721799936 ], [ 139.330803687, 35.721799474 ], [ 139.330804253, 35.721709341 ], [ 139.330693724, 35.72170888 ] ] ] } },
{ "type": "Feature", "properties": { "A51_001": "東京都", "A51_002": "13", "A51_003": "福生市", "A51_004": "13218", "A51_005": "0.3m未満" }, "geometry": { "type": "Polygon", "coordinates": [ [ [ 139.330347406, 35.724050954 ], [ 139.330347973, 35.723960821 ], [ 139.330237441, 35.723960359 ], [ 139.330236874, 35.724050492 ], [ 139.330347406, 35.724050954 ] ] ] } },
{ "type": "Feature", "properties": { "A51_001": "東京都", "A51_002": "13", "A51_003": "福生市", "A51_004": "13218", "A51_005": "0.3m未満" }, "geometry": { "type": "Polygon", "coordinates": [ [ [ 139.330347406, 35.724050954 ], [ 139.33034684, 35.724141087 ], [ 139.330346273, 35.72423122 ], [ 139.330345707, 35.724321353 ], [ 139.33034514, 35.724411486 ], [ 139.330455673, 35.724411948 ], [ 139.330455106, 35.724502081 ], [ 139.33045454, 35.724592214 ], [ 139.330565073, 35.724592676 ], [ 139.33056564, 35.724502543 ], [ 139.330566206, 35.72441241 ], [ 139.330566772, 35.724322277 ], [ 139.330567339, 35.724232144 ], [ 139.330456806, 35.724231682 ], [ 139.330457372, 35.724141549 ], [ 139.330457939, 35.724051416 ], [ 139.330347406, 35.724050954 ] ] ] } },
{ "type": "Feature", "properties": { "A51_001": "東京都", "A51_002": "13", "A51_003": "福生市", "A51_004": "13218", "A51_005": "0.3m未満" }, "geometry": { "type": "Polygon", "coordinates": [ [ [ 139.351887715, 35.72639245 ], [ 139.351888258, 35.726302316 ], [ 139.351998794, 35.726302759 ], [ 139.351999336, 35.726212625 ], [ 139.351999878, 35.726122492 ], [ 139.35200042, 35.726032359 ], [ 139.351889885, 35.726031916 ], [ 139.351779349, 35.726031474 ], [ 139.351778807, 35.726121607 ], [ 139.351668271, 35.726121165 ], [ 139.351667729, 35.726211298 ], [ 139.351778264, 35.726211741 ], [ 139.351777722, 35.726301874 ], [ 139.351777179, 35.726392007 ], [ 139.351887715, 35.72639245 ] ] ] } },
{ "type": "Feature", "properties": { "A51_001": "東京都", "A51_002": "13", "A51_003": "福生市", "A51_004": "13218", "A51_005": "0.3m未満" }, "geometry": { "type": "Polygon", "coordinates": [ [ [ 139.331548001, 35.726489623 ], [ 139.331547436, 35.726579756 ], [ 139.3314369, 35.726579295 ], [ 139.331436335, 35.726669428 ], [ 139.331546871, 35.726669889 ], [ 139.331657407, 35.72667035 ], [ 139.331767943, 35.72667081 ], [ 139.331768508, 35.726580677 ], [ 139.331769073, 35.726490544 ], [ 139.331658537, 35.726490084 ], [ 139.331548001, 35.726489623 ] ] ] } },
{ "type": "Feature", "properties": { "A51_001": "東京都", "A51_002": "13", "A51_003": "福生市", "A51_004": "13218", "A51_005": "0.3m未満" }, "geometry": { "type": "Polygon", "coordinates": [ [ [ 139.350339123, 35.726566515 ], [ 139.350228587, 35.726566071 ], [ 139.350118051, 35.726565627 ], [ 139.350117507, 35.72665576 ], [ 139.350228043, 35.726656204 ], [ 139.350227499, 35.726746338 ], [ 139.350338035, 35.726746781 ], [ 139.350338579, 35.726656648 ], [ 139.350339123, 35.726566515 ] ] ] } },
{ "type": "Feature", "properties": { "A51_001": "東京都", "A51_002": "13", "A51_003": "福生市", "A51_004": "13218", "A51_005": "0.3m未満" }, "geometry": { "type": "Polygon", "coordinates": [ [ [ 139.351001254, 35.726749442 ], [ 139.35111179, 35.726749885 ], [ 139.351112334, 35.726659751 ], [ 139.351001797, 35.726659308 ], [ 139.351001254, 35.726749442 ] ] ] } },
{ "type": "Feature", "properties": { "A51_001": "東京都", "A51_002": "13", "A51_003": "福生市", "A51_004": "13218", "A51_005": "0.3m未満" }, "geometry": { "type": "Polygon", "coordinates": [ [ [ 139.351443943, 35.72666108 ], [ 139.351444486, 35.726570946 ], [ 139.351333949, 35.726570504 ], [ 139.351333406, 35.726660637 ], [ 139.35122287, 35.726660194 ], [ 139.351222327, 35.726750328 ], [ 139.351332863, 35.72675077 ], [ 139.3514434, 35.726751213 ], [ 139.351443943, 35.72666108 ] ] ] } },
{ "type": "Feature", "properties": { "A51_001": "東京都", "A51_002": "13", "A51_003": "福生市", "A51_004": "13218", "A51_005": "0.3m未満" }, "geometry": { "type": "Polygon", "coordinates": [ [ [ 139.332431159, 35.726673573 ], [ 139.332431724, 35.72658344 ], [ 139.332321188, 35.72658298 ], [ 139.332320623, 35.726673113 ], [ 139.332210087, 35.726672653 ], [ 139.332209523, 35.726762786 ], [ 139.332320059, 35.726763246 ], [ 139.332430595, 35.726763706 ], [ 139.332431159, 35.726673573 ] ] ] } },
{ "type": "Feature", "properties": { "A51_001": "東京都", "A51_002": "13", "A51_003": "福生市", "A51_004": "13218", "A51_005": "0.3m未満" }, "geometry": { "type": "Polygon", "coordinates": [ [ [ 139.332762768, 35.726674953 ], [ 139.332763332, 35.72658482 ], [ 139.332652796, 35.72658436 ], [ 139.332652232, 35.726674493 ], [ 139.332541695, 35.726674033 ], [ 139.332541131, 35.726764166 ], [ 139.332651668, 35.726764626 ], [ 139.332762204, 35.726765086 ], [ 139.332762768, 35.726674953 ] ] ] } },
{ "type": "Feature", "properties": { "A51_001": "東京都", "A51_002": "13", "A51_003": "福生市", "A51_004": "13218", "A51_005": "0.3m未満" }, "geometry": { "type": "Polygon", "coordinates": [ [ [ 139.351001254, 35.726749442 ], [ 139.350890718, 35.726748998 ], [ 139.350780181, 35.726748555 ], [ 139.350780725, 35.726658422 ], [ 139.350781268, 35.726568289 ], [ 139.350891805, 35.726568732 ], [ 139.350892348, 35.726478599 ], [ 139.351002884, 35.726479042 ], [ 139.351002341, 35.726569175 ], [ 139.351112877, 35.726569618 ], [ 139.35111342, 35.726479485 ], [ 139.351113963, 35.726389351 ], [ 139.351003427, 35.726388908 ], [ 139.350892891, 35.726388465 ], [ 139.350782355, 35.726388022 ], [ 139.35067182, 35.726387579 ], [ 139.350561284, 35.726387135 ], [ 139.350450748, 35.726386692 ], [ 139.350451292, 35.726296559 ], [ 139.350451836, 35.726206425 ], [ 139.3503413, 35.726205982 ], [ 139.350341844, 35.726115848 ], [ 139.350231308, 35.726115405 ], [ 139.350230764, 35.726205538 ], [ 139.35023022, 35.726295671 ], [ 139.350119684, 35.726295227 ], [ 139.350009148, 35.726294783 ], [ 139.350008604, 35.726384917 ], [ 139.350008059, 35.72647505 ], [ 139.350118595, 35.726475494 ], [ 139.350229131, 35.726475938 ], [ 139.350339667, 35.726476381 ], [ 139.350339123, 35.726566515 ], [ 139.35044966, 35.726566958 ], [ 139.350449116, 35.726657092 ], [ 139.350448572, 35.726747225 ], [ 139.350559108, 35.726747668 ], [ 139.350669645, 35.726748112 ], [ 139.350669101, 35.726838245 ], [ 139.350779637, 35.726838689 ], [ 139.350890174, 35.726839132 ], [ 139.350889631, 35.726929265 ], [ 139.351000167, 35.726929708 ], [ 139.351000711, 35.726839575 ], [ 139.351001254, 35.726749442 ] ] ] } },
{ "type": "Feature", "properties": { "A51_001": "東京都", "A51_002": "13", "A51_003": "福生市", "A51_004": "13218", "A51_005": "0.3m未満" }, "geometry": { "type": "Polygon", "coordinates": [ [ [ 139.328996588, 35.727921122 ], [ 139.32888605, 35.727920659 ], [ 139.328885482, 35.728010792 ], [ 139.32899602, 35.728011255 ], [ 139.328996588, 35.727921122 ] ] ] } },
{ "type": "Feature", "properties": { "A51_001": "東京都", "A51_002": "13", "A51_003": "福生市", "A51_004": "13218", "A51_005": "0.3m未満" }, "geometry": { "type": "Polygon", "coordinates": [ [ [ 139.331548001, 35.726489623 ], [ 139.331548567, 35.72639949 ], [ 139.331438031, 35.726399029 ], [ 139.331438596, 35.726308896 ], [ 139.331328061, 35.726308434 ], [ 139.331327495, 35.726398568 ], [ 139.33121696, 35.726398106 ], [ 139.331217525, 35.726307973 ], [ 139.33110699, 35.726307512 ], [ 139.330996454, 35.726307051 ], [ 139.33099702, 35.726216918 ], [ 139.330997586, 35.726126785 ], [ 139.330887051, 35.726126323 ], [ 139.330886485, 35.726216456 ], [ 139.330775949, 35.726215994 ], [ 139.330776516, 35.726125861 ], [ 139.33066598, 35.7261254 ], [ 139.330666547, 35.726035267 ], [ 139.330667113, 35.725945134 ], [ 139.330777648, 35.725945595 ], [ 139.330778214, 35.725855462 ], [ 139.33077878, 35.725765329 ], [ 139.330779346, 35.725675196 ], [ 139.330779912, 35.725585063 ], [ 139.330780478, 35.72549493 ], [ 139.330781045, 35.725404797 ], [ 139.330781611, 35.725314664 ], [ 139.330782177, 35.725224531 ], [ 139.330782743, 35.725134398 ], [ 139.330783309, 35.725044265 ], [ 139.330783875, 35.724954132 ], [ 139.330784441, 35.724863999 ], [ 139.330785007, 35.724773866 ], [ 139.330674474, 35.724773404 ], [ 139.33067504, 35.724683271 ], [ 139.330675606, 35.724593138 ], [ 139.330565073, 35.724592676 ], [ 139.330564507, 35.724682809 ], [ 139.33056394, 35.724772942 ], [ 139.330563374, 35.724863075 ], [ 139.330673908, 35.724863537 ], [ 139.330673341, 35.72495367 ], [ 139.330672775, 35.725043803 ], [ 139.330672209, 35.725133936 ], [ 139.330671643, 35.725224069 ], [ 139.330671076, 35.725314202 ], [ 139.33067051, 35.725404335 ], [ 139.330669944, 35.725494469 ], [ 139.330669378, 35.725584602 ], [ 139.330668812, 35.725674735 ], [ 139.330668245, 35.725764868 ], [ 139.33055771, 35.725764406 ], [ 139.330557144, 35.725854539 ], [ 139.330446609, 35.725854077 ], [ 139.330446043, 35.72594421 ], [ 139.330556578, 35.725944672 ], [ 139.330556011, 35.726034805 ], [ 139.330555445, 35.726124938 ], [ 139.33044491, 35.726124476 ], [ 139.330444343, 35.726214609 ], [ 139.330333808, 35.726214147 ], [ 139.330333241, 35.72630428 ], [ 139.330332674, 35.726394413 ], [ 139.33044321, 35.726394875 ], [ 139.330442644, 35.726485008 ], [ 139.330332108, 35.726484546 ], [ 139.330221572, 35.726484084 ], [ 139.330221005, 35.726574217 ], [ 139.330331541, 35.726574679 ], [ 139.330330975, 35.726664812 ], [ 139.330330408, 35.726754945 ], [ 139.330329841, 35.726845078 ], [ 139.330219305, 35.726844616 ], [ 139.330218738, 35.726934749 ], [ 139.330329275, 35.726935211 ], [ 139.330328708, 35.727025344 ], [ 139.330328141, 35.727115477 ], [ 139.330327575, 35.72720561 ], [ 139.330327008, 35.727295743 ], [ 139.330326441, 35.727385876 ], [ 139.330325875, 35.727476009 ], [ 139.330215337, 35.727475547 ], [ 139.3301048, 35.727475085 ], [ 139.330104233, 35.727565218 ], [ 139.329993696, 35.727564756 ], [ 139.329993129, 35.727654889 ], [ 139.329882592, 35.727654426 ], [ 139.329772054, 35.727653964 ], [ 139.329661517, 35.727653501 ], [ 139.32966095, 35.727743634 ], [ 139.329550412, 35.727743171 ], [ 139.329549844, 35.727833304 ], [ 139.329660382, 35.727833767 ], [ 139.32977092, 35.72783423 ], [ 139.329771487, 35.727744097 ], [ 139.329882025, 35.727744559 ], [ 139.329992562, 35.727745022 ], [ 139.3301031, 35.727745484 ], [ 139.330103666, 35.727655351 ], [ 139.330214204, 35.727655813 ], [ 139.330213637, 35.727745946 ], [ 139.33021307, 35.727836079 ], [ 139.330323608, 35.727836541 ], [ 139.330323041, 35.727926674 ], [ 139.330433579, 35.727927136 ], [ 139.330544117, 35.727927598 ], [ 139.330654655, 35.72792806 ], [ 139.330654088, 35.728018193 ], [ 139.330764626, 35.728018655 ], [ 139.330875164, 35.728019116 ], [ 139.33087573, 35.727928983 ], [ 139.330986268, 35.727929445 ], [ 139.330986834, 35.727839312 ], [ 139.3309874, 35.727749179 ], [ 139.330987966, 35.727659046 ], [ 139.330988532, 35.727568913 ], [ 139.331099069, 35.727569374 ], [ 139.331099635, 35.727479241 ], [ 139.3311002, 35.727389108 ], [ 139.330989663, 35.727388647 ], [ 139.330879126, 35.727388185 ], [ 139.330879692, 35.727298052 ], [ 139.330769156, 35.727297591 ], [ 139.330769722, 35.727207458 ], [ 139.330659185, 35.727206996 ], [ 139.330548648, 35.727206534 ], [ 139.330549215, 35.727116401 ], [ 139.330438678, 35.727115939 ], [ 139.330439244, 35.727025806 ], [ 139.330439811, 35.726935673 ], [ 139.330440378, 35.72684554 ], [ 139.330440944, 35.726755407 ], [ 139.33055148, 35.726755869 ], [ 139.330662016, 35.726756331 ], [ 139.33066145, 35.726846464 ], [ 139.330771986, 35.726846926 ], [ 139.330772553, 35.726756793 ], [ 139.330883089, 35.726757254 ], [ 139.330883655, 35.726667121 ], [ 139.330994191, 35.726667583 ], [ 139.330994757, 35.72657745 ], [ 139.331105293, 35.726577911 ], [ 139.331105858, 35.726487778 ], [ 139.331216394, 35.726488239 ], [ 139.331215828, 35.726578372 ], [ 139.331326364, 35.726578834 ], [ 139.33132693, 35.726488701 ], [ 139.331437466, 35.726489162 ], [ 139.331548001, 35.726489623 ] ] ] } },
{ "type": "Feature", "properties": { "A51_001": "東京都", "A51_002": "13", "A51_003": "福生市", "A51_004": "13218", "A51_005": "0.3m未満" }, "geometry": { "type": "Polygon", "coordinates": [ [ [ 139.329324795, 35.728463309 ], [ 139.329214256, 35.728462846 ], [ 139.329103718, 35.728462383 ], [ 139.328993179, 35.72846192 ], [ 139.328882641, 35.728461457 ], [ 139.328882072, 35.72855159 ], [ 139.328992611, 35.728552053 ], [ 139.329103149, 35.728552516 ], [ 139.329213688, 35.728552979 ], [ 139.329324227, 35.728553442 ], [ 139.329324795, 35.728463309 ] ] ] } },
{ "type": "Feature", "properties": { "A51_001": "東京都", "A51_002": "13", "A51_003": "福生市", "A51_004": "13218", "A51_005": "0.3m未満" }, "geometry": { "type": "Polygon", "coordinates": [ [ [ 139.332639258, 35.728747553 ], [ 139.332528719, 35.728747093 ], [ 139.332528155, 35.728837226 ], [ 139.332527591, 35.728927359 ], [ 139.33263813, 35.728927819 ], [ 139.332748669, 35.728928279 ], [ 139.332749233, 35.728838146 ], [ 139.332749797, 35.728748013 ], [ 139.332639258, 35.728747553 ] ] ] } },
{ "type": "Feature", "properties": { "A51_001": "東京都", "A51_002": "13", "A51_003": "福生市", "A51_004": "13218", "A51_005": "0.3m未満" }, "geometry": { "type": "Polygon", "coordinates": [ [ [ 139.328657584, 35.72909146 ], [ 139.328547044, 35.729090997 ], [ 139.328546476, 35.72918113 ], [ 139.328545907, 35.729271263 ], [ 139.328656446, 35.729271726 ], [ 139.328657015, 35.729181593 ], [ 139.328657584, 35.72909146 ] ] ] } },
{ "type": "Feature", "properties": { "A51_001": "東京都", "A51_002": "13", "A51_003": "福生市", "A51_004": "13218", "A51_005": "0.3m未満" }, "geometry": { "type": "Polygon", "coordinates": [ [ [ 139.333298548, 35.729381242 ], [ 139.333299112, 35.729291109 ], [ 139.333188572, 35.729290649 ], [ 139.333188008, 35.729380782 ], [ 139.333077469, 35.729380323 ], [ 139.333076905, 35.729470456 ], [ 139.333187445, 35.729470915 ], [ 139.333297985, 35.729471375 ], [ 139.333408525, 35.729471834 ], [ 139.333409088, 35.729381701 ], [ 139.333298548, 35.729381242 ] ] ] } },
{ "type": "Feature", "properties": { "A51_001": "東京都", "A51_002": "13", "A51_003": "福生市", "A51_004": "13218", "A51_005": "0.3m未満" }, "geometry": { "type": "Polygon", "coordinates": [ [ [ 139.328321414, 35.729811133 ], [ 139.328210873, 35.729810669 ], [ 139.328210304, 35.729900802 ], [ 139.328320845, 35.729901266 ], [ 139.328321414, 35.729811133 ] ] ] } },
{ "type": "Feature", "properties": { "A51_001": "東京都", "A51_002": "13", "A51_003": "福生市", "A51_004": "13218", "A51_005": "0.3m未満" }, "geometry": { "type": "Polygon", "coordinates": [ [ [ 139.327878114, 35.729989542 ], [ 139.327988654, 35.729990006 ], [ 139.327988085, 35.730080139 ], [ 139.328098625, 35.730080603 ], [ 139.328099195, 35.72999047 ], [ 139.328099764, 35.729900337 ], [ 139.327989223, 35.729899873 ], [ 139.327878683, 35.729899409 ], [ 139.327878114, 35.729989542 ] ] ] } },
{ "type": "Feature", "properties": { "A51_001": "東京都", "A51_002": "13", "A51_003": "福生市", "A51_004": "13218", "A51_005": "0.3m未満" }, "geometry": { "type": "Polygon", "coordinates": [ [ [ 139.343685441, 35.730054905 ], [ 139.343685993, 35.729964772 ], [ 139.343796534, 35.729965222 ], [ 139.343797085, 35.729875089 ], [ 139.343797637, 35.729784956 ], [ 139.343908177, 35.729785405 ], [ 139.343908729, 35.729695272 ], [ 139.344019269, 35.729695722 ], [ 139.34412981, 35.729696171 ], [ 139.344130361, 35.729606038 ], [ 139.344130912, 35.729515905 ], [ 139.344020372, 35.729515455 ], [ 139.343909832, 35.729515006 ], [ 139.343799291, 35.729514556 ], [ 139.34379874, 35.729604689 ], [ 139.343798188, 35.729694822 ], [ 139.343687648, 35.729694373 ], [ 139.343687096, 35.729784506 ], [ 139.343576556, 35.729784056 ], [ 139.343576004, 35.729874189 ], [ 139.343465463, 35.729873739 ], [ 139.343464911, 35.729963872 ], [ 139.34335437, 35.729963422 ], [ 139.343353818, 35.730053555 ], [ 139.343353266, 35.730143688 ], [ 139.343463807, 35.730144139 ], [ 139.343574348, 35.730144589 ], [ 139.343684889, 35.730145038 ], [ 139.343685441, 35.730054905 ] ] ] } },
{ "type": "Feature", "properties": { "A51_001": "東京都", "A51_002": "13", "A51_003": "福生市", "A51_004": "13218", "A51_005": "0.3m未満" }, "geometry": { "type": "Polygon", "coordinates": [ [ [ 139.327878114, 35.729989542 ], [ 139.327767573, 35.729989077 ], [ 139.327657032, 35.729988613 ], [ 139.327656463, 35.730078746 ], [ 139.327655893, 35.730168879 ], [ 139.327766434, 35.730169343 ], [ 139.327767003, 35.73007921 ], [ 139.327877544, 35.730079675 ], [ 139.327878114, 35.729989542 ] ] ] } },
{ "type": "Feature", "properties": { "A51_001": "東京都", "A51_002": "13", "A51_003": "福生市", "A51_004": "13218", "A51_005": "0.3m未満" }, "geometry": { "type": "Polygon", "coordinates": [ [ [ 139.330972119, 35.73018277 ], [ 139.330861578, 35.730182308 ], [ 139.330861012, 35.730272441 ], [ 139.330971553, 35.730272903 ], [ 139.331082094, 35.730273364 ], [ 139.331082659, 35.730183231 ], [ 139.330972119, 35.73018277 ] ] ] } },
{ "type": "Feature", "properties": { "A51_001": "東京都", "A51_002": "13", "A51_003": "福生市", "A51_004": "13218", "A51_005": "0.3m未満" }, "geometry": { "type": "Polygon", "coordinates": [ [ [ 139.327654753, 35.730349145 ], [ 139.327655323, 35.730259012 ], [ 139.327544782, 35.730258547 ], [ 139.327434241, 35.730258082 ], [ 139.3273237, 35.730257618 ], [ 139.327213159, 35.730257153 ], [ 139.327212589, 35.730347286 ], [ 139.32732313, 35.730347751 ], [ 139.327433671, 35.730348215 ], [ 139.327544212, 35.73034868 ], [ 139.327654753, 35.730349145 ] ] ] } },
{ "type": "Feature", "properties": { "A51_001": "東京都", "A51_002": "13", "A51_003": "福生市", "A51_004": "13218", "A51_005": "0.3m未満" }, "geometry": { "type": "Polygon", "coordinates": [ [ [ 139.332410844, 35.729918362 ], [ 139.332411408, 35.729828229 ], [ 139.332300867, 35.729827769 ], [ 139.332300303, 35.729917902 ], [ 139.332189762, 35.729917441 ], [ 139.332189198, 35.730007574 ], [ 139.332188633, 35.730097707 ], [ 139.332188069, 35.73018784 ], [ 139.332187504, 35.730277973 ], [ 139.332298045, 35.730278433 ], [ 139.332408586, 35.730278894 ], [ 139.332408022, 35.730369027 ], [ 139.332518563, 35.730369487 ], [ 139.332629104, 35.730369947 ], [ 139.332629668, 35.730279814 ], [ 139.332630232, 35.730189681 ], [ 139.332630796, 35.730099548 ], [ 139.332520256, 35.730099088 ], [ 139.332409715, 35.730098628 ], [ 139.332410279, 35.730008495 ], [ 139.332410844, 35.729918362 ] ] ] } },
{ "type": "Feature", "properties": { "A51_001": "東京都", "A51_002": "13", "A51_003": "福生市", "A51_004": "13218", "A51_005": "0.3m未満" }, "geometry": { "type": "Polygon", "coordinates": [ [ [ 139.326879825, 35.730526156 ], [ 139.326990366, 35.730526621 ], [ 139.326990937, 35.730436488 ], [ 139.326880395, 35.730436023 ], [ 139.326879825, 35.730526156 ] ] ] } },
{ "type": "Feature", "properties": { "A51_001": "東京都", "A51_002": "13", "A51_003": "福生市", "A51_004": "13218", "A51_005": "0.3m未満" }, "geometry": { "type": "Polygon", "coordinates": [ [ [ 139.326879825, 35.730526156 ], [ 139.326769284, 35.730525691 ], [ 139.326768713, 35.730615824 ], [ 139.326879254, 35.730616289 ], [ 139.326879825, 35.730526156 ] ] ] } },
{ "type": "Feature", "properties": { "A51_001": "東京都", "A51_002": "13", "A51_003": "福生市", "A51_004": "13218", "A51_005": "0.3m未満" }, "geometry": { "type": "Polygon", "coordinates": [ [ [ 139.330858747, 35.730632973 ], [ 139.330969289, 35.730633435 ], [ 139.33107983, 35.730633896 ], [ 139.331080396, 35.730543763 ], [ 139.330969855, 35.730543302 ], [ 139.330859313, 35.73054284 ], [ 139.330858747, 35.730632973 ] ] ] } },
{ "type": "Feature", "properties": { "A51_001": "東京都", "A51_002": "13", "A51_003": "福生市", "A51_004": "13218", "A51_005": "0.3m未満" }, "geometry": { "type": "Polygon", "coordinates": [ [ [ 139.326768713, 35.730615824 ], [ 139.326658171, 35.730615358 ], [ 139.3266576, 35.730705491 ], [ 139.326768142, 35.730705957 ], [ 139.326768713, 35.730615824 ] ] ] } },
{ "type": "Feature", "properties": { "A51_001": "東京都", "A51_002": "13", "A51_003": "福生市", "A51_004": "13218", "A51_005": "0.3m未満" }, "geometry": { "type": "Polygon", "coordinates": [ [ [ 139.3266576, 35.730705491 ], [ 139.326547059, 35.730705026 ], [ 139.326546488, 35.730795159 ], [ 139.32665703, 35.730795624 ], [ 139.3266576, 35.730705491 ] ] ] } },
{ "type": "Feature", "properties": { "A51_001": "東京都", "A51_002": "13", "A51_003": "福生市", "A51_004": "13218", "A51_005": "0.3m未満" }, "geometry": { "type": "Polygon", "coordinates": [ [ [ 139.326546488, 35.730795159 ], [ 139.326435946, 35.730794693 ], [ 139.326435375, 35.730884826 ], [ 139.326545917, 35.730885291 ], [ 139.326546488, 35.730795159 ] ] ] } },
{ "type": "Feature", "properties": { "A51_001": "東京都", "A51_002": "13", "A51_003": "福生市", "A51_004": "13218", "A51_005": "0.3m未満" }, "geometry": { "type": "Polygon", "coordinates": [ [ [ 139.326435375, 35.730884826 ], [ 139.326324833, 35.73088436 ], [ 139.326325405, 35.730794227 ], [ 139.326214863, 35.730793761 ], [ 139.326214292, 35.730883894 ], [ 139.32610375, 35.730883428 ], [ 139.326103178, 35.730973561 ], [ 139.32621372, 35.730974027 ], [ 139.326324262, 35.730974493 ], [ 139.326434804, 35.730974959 ], [ 139.326435375, 35.730884826 ] ] ] } },
{ "type": "Feature", "properties": { "A51_001": "東京都", "A51_002": "13", "A51_003": "福生市", "A51_004": "13218", "A51_005": "0.3m未満" }, "geometry": { "type": "Polygon", "coordinates": [ [ [ 139.326103178, 35.730973561 ], [ 139.325992636, 35.730973095 ], [ 139.325992065, 35.731063228 ], [ 139.326102607, 35.731063694 ], [ 139.326103178, 35.730973561 ] ] ] } },
{ "type": "Feature", "properties": { "A51_001": "東京都", "A51_002": "13", "A51_003": "福生市", "A51_004": "13218", "A51_005": "0.3m未満" }, "geometry": { "type": "Polygon", "coordinates": [ [ [ 139.325659295, 35.731242095 ], [ 139.325659867, 35.731151962 ], [ 139.325770409, 35.731152429 ], [ 139.325880951, 35.731152895 ], [ 139.325881523, 35.731062762 ], [ 139.325770981, 35.731062296 ], [ 139.325660439, 35.731061829 ], [ 139.325661011, 35.730971696 ], [ 139.325661583, 35.730881564 ], [ 139.325551041, 35.730881097 ], [ 139.325550469, 35.73097123 ], [ 139.325549897, 35.731061363 ], [ 139.325549325, 35.731151496 ], [ 139.325548752, 35.731241629 ], [ 139.325659295, 35.731242095 ] ] ] } },
{ "type": "Feature", "properties": { "A51_001": "東京都", "A51_002": "13", "A51_003": "福生市", "A51_004": "13218", "A51_005": "0.3m未満" }, "geometry": { "type": "Polygon", "coordinates": [ [ [ 139.330307173, 35.730450398 ], [ 139.33030774, 35.730360265 ], [ 139.330308307, 35.730270132 ], [ 139.330418848, 35.730270594 ], [ 139.330529389, 35.730271056 ], [ 139.33063993, 35.730271518 ], [ 139.330640496, 35.730181385 ], [ 139.330529955, 35.730180923 ], [ 139.330530522, 35.73009079 ], [ 139.330531088, 35.730000657 ], [ 139.330420547, 35.730000195 ], [ 139.330421114, 35.729910062 ], [ 139.330421681, 35.729819929 ], [ 139.33031114, 35.729819467 ], [ 139.330311707, 35.729729334 ], [ 139.330422247, 35.729729796 ], [ 139.330422814, 35.729639663 ], [ 139.33042338, 35.72954953 ], [ 139.330423947, 35.729459397 ], [ 139.330424514, 35.729369264 ], [ 139.33042508, 35.729279131 ], [ 139.33053562, 35.729279593 ], [ 139.330536186, 35.72918946 ], [ 139.330646726, 35.729189922 ], [ 139.330647292, 35.729099789 ], [ 139.330647859, 35.729009656 ], [ 139.330758398, 35.729010118 ], [ 139.330758964, 35.728919985 ], [ 139.33075953, 35.728829852 ], [ 139.330870069, 35.728830313 ], [ 139.330870635, 35.72874018 ], [ 139.330981174, 35.728740642 ], [ 139.331091713, 35.728741103 ], [ 139.331092279, 35.72865097 ], [ 139.331202818, 35.728651432 ], [ 139.331203384, 35.728561299 ], [ 139.331313922, 35.72856176 ], [ 139.331313357, 35.728651893 ], [ 139.331423895, 35.728652354 ], [ 139.331534434, 35.728652815 ], [ 139.331644973, 35.728653276 ], [ 139.331645538, 35.728563143 ], [ 139.331756077, 35.728563604 ], [ 139.331755512, 35.728653737 ], [ 139.331754947, 35.72874387 ], [ 139.331865486, 35.728744331 ], [ 139.331866051, 35.728654198 ], [ 139.331976589, 35.728654658 ], [ 139.331977154, 35.728564525 ], [ 139.331977719, 35.728474392 ], [ 139.33186718, 35.728473932 ], [ 139.331756642, 35.728473471 ], [ 139.331646103, 35.72847301 ], [ 139.331646669, 35.728382877 ], [ 139.33153613, 35.728382416 ], [ 139.331425592, 35.728381955 ], [ 139.331315053, 35.728381494 ], [ 139.331204515, 35.728381033 ], [ 139.331205081, 35.7282909 ], [ 139.331094542, 35.728290438 ], [ 139.330984004, 35.728289977 ], [ 139.330873466, 35.728289515 ], [ 139.3308729, 35.728379648 ], [ 139.330872334, 35.728469781 ], [ 139.330761795, 35.72846932 ], [ 139.330651257, 35.728468858 ], [ 139.33065069, 35.728558991 ], [ 139.330540152, 35.728558529 ], [ 139.330539585, 35.728648662 ], [ 139.330539019, 35.728738795 ], [ 139.33042848, 35.728738333 ], [ 139.330317941, 35.728737871 ], [ 139.330207402, 35.728737409 ], [ 139.330096863, 35.728736947 ], [ 139.33009743, 35.728646814 ], [ 139.330207969, 35.728647276 ], [ 139.330208536, 35.728557143 ], [ 139.330209103, 35.72846701 ], [ 139.330209669, 35.728376877 ], [ 139.330099131, 35.728376415 ], [ 139.330099698, 35.728286282 ], [ 139.330100265, 35.728196149 ], [ 139.330210803, 35.728196611 ], [ 139.33021137, 35.728106478 ], [ 139.330100832, 35.728106016 ], [ 139.329990294, 35.728105554 ], [ 139.329990861, 35.728015421 ], [ 139.329880323, 35.728014958 ], [ 139.329879756, 35.728105091 ], [ 139.329879189, 35.728195224 ], [ 139.32976865, 35.728194762 ], [ 139.329768083, 35.728284895 ], [ 139.329657545, 35.728284432 ], [ 139.329547007, 35.728283969 ], [ 139.329546439, 35.728374102 ], [ 139.329435901, 35.728373639 ], [ 139.329325362, 35.728373176 ], [ 139.329324795, 35.728463309 ], [ 139.329435333, 35.728463772 ], [ 139.329545872, 35.728464235 ], [ 139.32965641, 35.728464698 ], [ 139.329656977, 35.728374565 ], [ 139.329767516, 35.728375028 ], [ 139.329878054, 35.72837549 ], [ 139.329877487, 35.728465623 ], [ 139.329766949, 35.728465161 ], [ 139.329766381, 35.728555294 ], [ 139.329765814, 35.728645427 ], [ 139.329765247, 35.72873556 ], [ 139.329764679, 35.728825693 ], [ 139.32965414, 35.72882523 ], [ 139.329653573, 35.728915363 ], [ 139.329543034, 35.7289149 ], [ 139.329542466, 35.729005033 ], [ 139.329653005, 35.729005496 ], [ 139.329652438, 35.729095629 ], [ 139.329541898, 35.729095166 ], [ 139.329541331, 35.729185299 ], [ 139.32965187, 35.729185762 ], [ 139.329651303, 35.729275895 ], [ 139.329650735, 35.729366028 ], [ 139.329540196, 35.729365565 ], [ 139.329539628, 35.729455698 ], [ 139.32953906, 35.729545831 ], [ 139.329538493, 35.729635964 ], [ 139.329427953, 35.729635501 ], [ 139.329427385, 35.729725634 ], [ 139.329426817, 35.729815767 ], [ 139.32942625, 35.7299059 ], [ 139.329425682, 35.729996033 ], [ 139.329315141, 35.72999557 ], [ 139.329314573, 35.730085703 ], [ 139.329314005, 35.730175836 ], [ 139.329313438, 35.730265969 ], [ 139.32931287, 35.730356102 ], [ 139.329312302, 35.730446235 ], [ 139.329201761, 35.730445771 ], [ 139.329091219, 35.730445308 ], [ 139.328980678, 35.730444845 ], [ 139.32898011, 35.730534978 ], [ 139.328869569, 35.730534515 ], [ 139.328759027, 35.730534051 ], [ 139.328758459, 35.730624184 ], [ 139.328647917, 35.73062372 ], [ 139.328537376, 35.730623257 ], [ 139.328426834, 35.730622793 ], [ 139.328316293, 35.730622329 ], [ 139.328316862, 35.730532196 ], [ 139.328206321, 35.730531732 ], [ 139.328205751, 35.730621865 ], [ 139.32809521, 35.730621401 ], [ 139.328095779, 35.730531268 ], [ 139.327985238, 35.730530804 ], [ 139.327874697, 35.730530339 ], [ 139.327875266, 35.730440207 ], [ 139.327764725, 35.730439742 ], [ 139.327765295, 35.730349609 ], [ 139.327654753, 35.730349145 ], [ 139.327654184, 35.730439278 ], [ 139.327653614, 35.730529411 ], [ 139.327653044, 35.730619543 ], [ 139.327652474, 35.730709676 ], [ 139.327651905, 35.730799809 ], [ 139.327651335, 35.730889942 ], [ 139.327540793, 35.730889478 ], [ 139.327430251, 35.730889013 ], [ 139.327429681, 35.730979146 ], [ 139.327429111, 35.731069279 ], [ 139.327428541, 35.731159412 ], [ 139.327539083, 35.731159876 ], [ 139.327538514, 35.731250009 ], [ 139.327649056, 35.731250474 ], [ 139.327759598, 35.731250938 ], [ 139.327760168, 35.731160805 ], [ 139.327760737, 35.731070673 ], [ 139.32787128, 35.731071137 ], [ 139.327871849, 35.730981004 ], [ 139.327982391, 35.730981468 ], [ 139.328092933, 35.730981933 ], [ 139.328203475, 35.730982397 ], [ 139.328204044, 35.730892264 ], [ 139.328314586, 35.730892728 ], [ 139.328314017, 35.730982861 ], [ 139.328424559, 35.730983325 ], [ 139.328535101, 35.730983788 ], [ 139.328645643, 35.730984252 ], [ 139.328756185, 35.730984716 ], [ 139.328866727, 35.730985179 ], [ 139.328867295, 35.730895046 ], [ 139.328977837, 35.73089551 ], [ 139.329088379, 35.730895973 ], [ 139.329198921, 35.730896436 ], [ 139.329199489, 35.730806303 ], [ 139.32931003, 35.730806766 ], [ 139.329310598, 35.730716633 ], [ 139.32942114, 35.730717096 ], [ 139.329531681, 35.730717559 ], [ 139.329532249, 35.730627426 ], [ 139.329642791, 35.730627889 ], [ 139.329643358, 35.730537756 ], [ 139.329643926, 35.730447623 ], [ 139.329754467, 35.730448086 ], [ 139.329755034, 35.730357953 ], [ 139.329865575, 35.730358415 ], [ 139.329976116, 35.730358878 ], [ 139.330086658, 35.73035934 ], [ 139.330086091, 35.730449473 ], [ 139.330196632, 35.730449936 ], [ 139.330307173, 35.730450398 ] ] ] } },
{ "type": "Feature", "properties": { "A51_001": "東京都", "A51_002": "13", "A51_003": "福生市", "A51_004": "13218", "A51_005": "0.3m未満" }, "geometry": { "type": "Polygon", "coordinates": [ [ [ 139.330858747, 35.730632973 ], [ 139.330748206, 35.730632511 ], [ 139.330747639, 35.730722644 ], [ 139.330747073, 35.730812777 ], [ 139.330636531, 35.730812316 ], [ 139.330525989, 35.730811854 ], [ 139.330526556, 35.730721721 ], [ 139.330527123, 35.730631588 ], [ 139.330637664, 35.73063205 ], [ 139.33063823, 35.730541917 ], [ 139.330527689, 35.730541455 ], [ 139.330528256, 35.730451322 ], [ 139.330417714, 35.73045086 ], [ 139.330307173, 35.730450398 ], [ 139.330306606, 35.730540531 ], [ 139.33030604, 35.730630664 ], [ 139.330305473, 35.730720797 ], [ 139.330194931, 35.730720334 ], [ 139.330194364, 35.730810467 ], [ 139.330083822, 35.730810005 ], [ 139.330084389, 35.730719872 ], [ 139.330194931, 35.730720334 ], [ 139.330195498, 35.730630201 ], [ 139.330084957, 35.730629739 ], [ 139.329974415, 35.730629277 ], [ 139.329974982, 35.730539144 ], [ 139.329864441, 35.730538681 ], [ 139.329753899, 35.730538219 ], [ 139.329753332, 35.730628352 ], [ 139.329752765, 35.730718485 ], [ 139.329863306, 35.730718947 ], [ 139.329862739, 35.73080908 ], [ 139.329973281, 35.730809543 ], [ 139.329972714, 35.730899676 ], [ 139.329972146, 35.730989809 ], [ 139.330082688, 35.730990271 ], [ 139.33019323, 35.730990733 ], [ 139.330192664, 35.731080866 ], [ 139.330303206, 35.731081328 ], [ 139.330302639, 35.731171461 ], [ 139.330192097, 35.731170999 ], [ 139.330192664, 35.731080866 ], [ 139.330082121, 35.731080404 ], [ 139.329971579, 35.731079942 ], [ 139.329971012, 35.731170075 ], [ 139.329970445, 35.731260207 ], [ 139.330080987, 35.73126067 ], [ 139.33008042, 35.731350803 ], [ 139.330190963, 35.731351265 ], [ 139.330301505, 35.731351727 ], [ 139.330302072, 35.731261594 ], [ 139.330412614, 35.731262056 ], [ 139.330523157, 35.731262518 ], [ 139.330523723, 35.731172385 ], [ 139.33052429, 35.731082252 ], [ 139.330634832, 35.731082714 ], [ 139.330635398, 35.730992581 ], [ 139.33074594, 35.730993043 ], [ 139.330746507, 35.73090291 ], [ 139.330857049, 35.730903372 ], [ 139.330857615, 35.730813239 ], [ 139.330858181, 35.730723106 ], [ 139.330858747, 35.730632973 ] ] ] } },
{ "type": "Feature", "properties": { "A51_001": "東京都", "A51_002": "13", "A51_003": "福生市", "A51_004": "13218", "A51_005": "0.3m未満" }, "geometry": { "type": "Polygon", "coordinates": [ [ [ 139.325215981, 35.731420494 ], [ 139.325326523, 35.731420961 ], [ 139.325437066, 35.731421428 ], [ 139.325437638, 35.731331295 ], [ 139.325327096, 35.731330828 ], [ 139.325216553, 35.731330362 ], [ 139.325215981, 35.731420494 ] ] ] } },
{ "type": "Feature", "properties": { "A51_001": "東京都", "A51_002": "13", "A51_003": "福生市", "A51_004": "13218", "A51_005": "0.3m未満" }, "geometry": { "type": "Polygon", "coordinates": [ [ [ 139.325215981, 35.731420494 ], [ 139.325105438, 35.731420028 ], [ 139.325104865, 35.73151016 ], [ 139.325215408, 35.731510627 ], [ 139.325215981, 35.731420494 ] ] ] } },
{ "type": "Feature", "properties": { "A51_001": "東京都", "A51_002": "13", "A51_003": "福生市", "A51_004": "13218", "A51_005": "0.3m未満" }, "geometry": { "type": "Polygon", "coordinates": [ [ [ 139.325104865, 35.73151016 ], [ 139.324994323, 35.731509694 ], [ 139.32488378, 35.731509226 ], [ 139.324883207, 35.731599359 ], [ 139.32499375, 35.731599826 ], [ 139.325104293, 35.731600293 ], [ 139.325104865, 35.73151016 ] ] ] } },
{ "type": "Feature", "properties": { "A51_001": "東京都", "A51_002": "13", "A51_003": "福生市", "A51_004": "13218", "A51_005": "0.3m未満" }, "geometry": { "type": "Polygon", "coordinates": [ [ [ 139.324661549, 35.731688558 ], [ 139.324772092, 35.731689025 ], [ 139.324772665, 35.731598892 ], [ 139.324662122, 35.731598425 ], [ 139.324661549, 35.731688558 ] ] ] } },
{ "type": "Feature", "properties": { "A51_001": "東京都", "A51_002": "13", "A51_003": "福生市", "A51_004": "13218", "A51_005": "0.3m未満" }, "geometry": { "type": "Polygon", "coordinates": [ [ [ 139.334278788, 35.73172883 ], [ 139.33427935, 35.731638697 ], [ 139.334279912, 35.731548564 ], [ 139.334280475, 35.731458431 ], [ 139.334169932, 35.731457973 ], [ 139.334170494, 35.73136784 ], [ 139.334059952, 35.731367381 ], [ 139.334060514, 35.731277248 ], [ 139.333949972, 35.731276789 ], [ 139.333950534, 35.731186656 ], [ 139.333839992, 35.731186198 ], [ 139.333840555, 35.731096065 ], [ 139.333730013, 35.731095606 ], [ 139.33372945, 35.731185739 ], [ 139.333618907, 35.73118528 ], [ 139.333618344, 35.731275413 ], [ 139.333728887, 35.731275872 ], [ 139.333728324, 35.731366005 ], [ 139.333727761, 35.731456138 ], [ 139.333838304, 35.731456597 ], [ 139.333948846, 35.731457055 ], [ 139.333948284, 35.731547188 ], [ 139.334058827, 35.731547647 ], [ 139.334058264, 35.73163778 ], [ 139.334168807, 35.731638239 ], [ 139.334168245, 35.731728372 ], [ 139.334278788, 35.73172883 ] ] ] } },
{ "type": "Feature", "properties": { "A51_001": "東京都", "A51_002": "13", "A51_003": "福生市", "A51_004": "13218", "A51_005": "0.3m未満" }, "geometry": { "type": "Polygon", "coordinates": [ [ [ 139.324661549, 35.731688558 ], [ 139.324551006, 35.73168809 ], [ 139.324550433, 35.731778223 ], [ 139.324660976, 35.731778691 ], [ 139.324661549, 35.731688558 ] ] ] } },
{ "type": "Feature", "properties": { "A51_001": "東京都", "A51_002": "13", "A51_003": "福生市", "A51_004": "13218", "A51_005": "0.3m未満" }, "geometry": { "type": "Polygon", "coordinates": [ [ [ 139.325988635, 35.731604025 ], [ 139.325878092, 35.731603559 ], [ 139.32587752, 35.731693692 ], [ 139.325876949, 35.731783825 ], [ 139.325987492, 35.731784291 ], [ 139.326098035, 35.731784757 ], [ 139.326098606, 35.731694624 ], [ 139.326099178, 35.731604491 ], [ 139.325988635, 35.731604025 ] ] ] } },
{ "type": "Feature", "properties": { "A51_001": "東京都", "A51_002": "13", "A51_003": "福生市", "A51_004": "13218", "A51_005": "0.3m未満" }, "geometry": { "type": "Polygon", "coordinates": [ [ [ 139.334278788, 35.73172883 ], [ 139.334278225, 35.731818963 ], [ 139.334167682, 35.731818505 ], [ 139.334057139, 35.731818046 ], [ 139.334056576, 35.731908179 ], [ 139.334056014, 35.731998312 ], [ 139.334166557, 35.731998771 ], [ 139.334277101, 35.731999229 ], [ 139.334276538, 35.732089362 ], [ 139.334275976, 35.732179495 ], [ 139.33438652, 35.732179954 ], [ 139.334385958, 35.732270087 ], [ 139.334496501, 35.732270545 ], [ 139.334497063, 35.732180412 ], [ 139.334607607, 35.73218087 ], [ 139.334608169, 35.732090737 ], [ 139.334608731, 35.732000604 ], [ 139.334498188, 35.732000146 ], [ 139.334387644, 35.731999688 ], [ 139.334388206, 35.731909555 ], [ 139.33449875, 35.731910013 ], [ 139.334499312, 35.73181988 ], [ 139.334499874, 35.731729747 ], [ 139.334389331, 35.731729289 ], [ 139.334278788, 35.73172883 ] ] ] } },
{ "type": "Feature", "properties": { "A51_001": "東京都", "A51_002": "13", "A51_003": "福生市", "A51_004": "13218", "A51_005": "0.3m未満" }, "geometry": { "type": "Polygon", "coordinates": [ [ [ 139.324550433, 35.731778223 ], [ 139.32443989, 35.731777756 ], [ 139.324439316, 35.731867889 ], [ 139.324438743, 35.731958021 ], [ 139.324438169, 35.732048154 ], [ 139.324437596, 35.732138287 ], [ 139.324437023, 35.73222842 ], [ 139.324436449, 35.732318553 ], [ 139.324325905, 35.732318085 ], [ 139.324325332, 35.732408218 ], [ 139.324324758, 35.732498351 ], [ 139.324435302, 35.732498819 ], [ 139.324545846, 35.732499286 ], [ 139.32454642, 35.732409153 ], [ 139.324546993, 35.73231902 ], [ 139.324547566, 35.732228888 ], [ 139.324548139, 35.732138755 ], [ 139.324548713, 35.732048622 ], [ 139.324659256, 35.732049089 ], [ 139.324659829, 35.731958956 ], [ 139.324549286, 35.731958489 ], [ 139.324549859, 35.731868356 ], [ 139.324550433, 35.731778223 ] ] ] } },
{ "type": "Feature", "properties": { "A51_001": "東京都", "A51_002": "13", "A51_003": "福生市", "A51_004": "13218", "A51_005": "0.3m未満" }, "geometry": { "type": "Polygon", "coordinates": [ [ [ 139.341348561, 35.732569163 ], [ 139.341349115, 35.73247903 ], [ 139.34145966, 35.732479482 ], [ 139.341460214, 35.732389349 ], [ 139.341570758, 35.732389801 ], [ 139.341571312, 35.732299668 ], [ 139.341681856, 35.73230012 ], [ 139.34168241, 35.732209986 ], [ 139.341682964, 35.732119853 ], [ 139.341793508, 35.732120305 ], [ 139.341794062, 35.732030172 ], [ 139.341794616, 35.731940039 ], [ 139.341905159, 35.73194049 ], [ 139.341905713, 35.731850357 ], [ 139.342016256, 35.731850809 ], [ 139.34201681, 35.731760676 ], [ 139.342017363, 35.731670543 ], [ 139.342127906, 35.731670994 ], [ 139.34212846, 35.731580861 ], [ 139.342239003, 35.731581312 ], [ 139.342239556, 35.731491179 ], [ 139.342350099, 35.73149163 ], [ 139.342350652, 35.731401497 ], [ 139.342351206, 35.731311364 ], [ 139.342461748, 35.731311815 ], [ 139.342462301, 35.731221682 ], [ 139.342572844, 35.731222133 ], [ 139.342573397, 35.731131999 ], [ 139.342683939, 35.73113245 ], [ 139.342684492, 35.731042317 ], [ 139.342795034, 35.731042768 ], [ 139.342795587, 35.730952635 ], [ 139.342906129, 35.730953085 ], [ 139.342906682, 35.730862952 ], [ 139.342907234, 35.730772819 ], [ 139.343017776, 35.73077327 ], [ 139.343018329, 35.730683136 ], [ 139.34312887, 35.730683587 ], [ 139.343129423, 35.730593454 ], [ 139.343239964, 35.730593904 ], [ 139.343240517, 35.730503771 ], [ 139.343351058, 35.730504221 ], [ 139.34335161, 35.730414088 ], [ 139.343352162, 35.730323955 ], [ 139.343352714, 35.730233822 ], [ 139.343242173, 35.730233371 ], [ 139.343131632, 35.730232921 ], [ 139.34313108, 35.730323054 ], [ 139.343020538, 35.730322604 ], [ 139.343019986, 35.730412737 ], [ 139.343019433, 35.73050287 ], [ 139.342908892, 35.73050242 ], [ 139.342908339, 35.730592553 ], [ 139.342797798, 35.730592102 ], [ 139.342687256, 35.730591652 ], [ 139.342686703, 35.730681785 ], [ 139.34268615, 35.730771918 ], [ 139.342685598, 35.730862051 ], [ 139.342575056, 35.7308616 ], [ 139.342464514, 35.730861149 ], [ 139.34246396, 35.730951282 ], [ 139.342353418, 35.730950831 ], [ 139.342352865, 35.731040964 ], [ 139.342352312, 35.731131098 ], [ 139.34224177, 35.731130646 ], [ 139.342241216, 35.73122078 ], [ 139.342130674, 35.731220328 ], [ 139.34213012, 35.731310461 ], [ 139.342019578, 35.73131001 ], [ 139.342019024, 35.731400143 ], [ 139.34201847, 35.731490276 ], [ 139.341907928, 35.731489825 ], [ 139.341907374, 35.731579958 ], [ 139.341796831, 35.731579506 ], [ 139.341796277, 35.73166964 ], [ 139.341795723, 35.731759773 ], [ 139.34168518, 35.731759321 ], [ 139.341684626, 35.731849454 ], [ 139.341574083, 35.731849002 ], [ 139.341573529, 35.731939135 ], [ 139.341462985, 35.731938684 ], [ 139.341462431, 35.732028817 ], [ 139.341351887, 35.732028365 ], [ 139.341351333, 35.732118498 ], [ 139.341350778, 35.732208631 ], [ 139.341240235, 35.732208179 ], [ 139.34123968, 35.732298312 ], [ 139.341129136, 35.73229786 ], [ 139.341128582, 35.732387993 ], [ 139.341018037, 35.732387541 ], [ 139.341017483, 35.732477674 ], [ 139.341016928, 35.732567807 ], [ 139.341127472, 35.732568259 ], [ 139.341238017, 35.732568711 ], [ 139.341348561, 35.732569163 ] ] ] } },
{ "type": "Feature", "properties": { "A51_001": "東京都", "A51_002": "13", "A51_003": "福生市", "A51_004": "13218", "A51_005": "0.3m未満" }, "geometry": { "type": "Polygon", "coordinates": [ [ [ 139.341565217, 35.733291132 ], [ 139.341565771, 35.733200999 ], [ 139.341676316, 35.73320145 ], [ 139.34167687, 35.733111317 ], [ 139.341566325, 35.733110866 ], [ 139.341566879, 35.733020732 ], [ 139.341456334, 35.733020281 ], [ 139.341345789, 35.733019829 ], [ 139.341345235, 35.733109962 ], [ 139.34134468, 35.733200095 ], [ 139.341344126, 35.733290228 ], [ 139.341454671, 35.73329068 ], [ 139.341565217, 35.733291132 ] ] ] } },
{ "type": "Feature", "properties": { "A51_001": "東京都", "A51_002": "13", "A51_003": "福生市", "A51_004": "13218", "A51_005": "0.3m未満" }, "geometry": { "type": "Polygon", "coordinates": [ [ [ 139.336261843, 35.732818663 ], [ 139.336151298, 35.732818206 ], [ 139.336151858, 35.732728073 ], [ 139.336262403, 35.73272853 ], [ 139.336261843, 35.732818663 ], [ 139.336372387, 35.732819119 ], [ 139.336482932, 35.732819576 ], [ 139.336483492, 35.732729443 ], [ 139.336484052, 35.73263931 ], [ 139.336484611, 35.732549177 ], [ 139.336374067, 35.73254872 ], [ 139.336263523, 35.732548264 ], [ 139.336264083, 35.732458131 ], [ 139.336153539, 35.732457674 ], [ 139.336154099, 35.732367541 ], [ 139.336043555, 35.732367084 ], [ 139.336044115, 35.732276951 ], [ 139.336044676, 35.732186818 ], [ 139.335934132, 35.732186361 ], [ 139.335934692, 35.732096228 ], [ 139.335935253, 35.732006095 ], [ 139.335824709, 35.732005638 ], [ 139.335824149, 35.732095771 ], [ 139.335713605, 35.732095314 ], [ 139.335603062, 35.732094857 ], [ 139.335492518, 35.7320944 ], [ 139.335381974, 35.732093942 ], [ 139.335382535, 35.732003809 ], [ 139.335271992, 35.732003352 ], [ 139.335272553, 35.731913219 ], [ 139.33516201, 35.731912761 ], [ 139.335162571, 35.731822628 ], [ 139.335052028, 35.73182217 ], [ 139.334941485, 35.731821712 ], [ 139.334940923, 35.731911845 ], [ 139.334940362, 35.732001978 ], [ 139.335050905, 35.732002436 ], [ 139.335050344, 35.732092569 ], [ 139.335049782, 35.732182702 ], [ 139.335160326, 35.73218316 ], [ 139.335159764, 35.732273293 ], [ 139.335270308, 35.732273751 ], [ 139.335269747, 35.732363884 ], [ 139.335269186, 35.732454017 ], [ 139.335268625, 35.73254415 ], [ 139.335268064, 35.732634283 ], [ 139.335378608, 35.73263474 ], [ 139.335378047, 35.732724873 ], [ 139.335267502, 35.732724416 ], [ 139.335268064, 35.732634283 ], [ 139.335157519, 35.732633825 ], [ 139.335046975, 35.732633367 ], [ 139.33493643, 35.732632909 ], [ 139.334935869, 35.732723042 ], [ 139.334935307, 35.732813175 ], [ 139.335045852, 35.732813633 ], [ 139.335156396, 35.732814091 ], [ 139.335155835, 35.732904224 ], [ 139.335155274, 35.732994357 ], [ 139.335044729, 35.732993899 ], [ 139.335044167, 35.733084032 ], [ 139.335154712, 35.73308449 ], [ 139.335265257, 35.733084948 ], [ 139.335375802, 35.733085405 ], [ 139.335486347, 35.733085863 ], [ 139.335485786, 35.733175996 ], [ 139.335485225, 35.733266129 ], [ 139.335484664, 35.733356262 ], [ 139.33559521, 35.733356719 ], [ 139.335705755, 35.733357176 ], [ 139.335706316, 35.733267043 ], [ 139.335816861, 35.7332675 ], [ 139.335927406, 35.733267957 ], [ 139.335927967, 35.733177824 ], [ 139.335928527, 35.733087691 ], [ 139.336039072, 35.733088148 ], [ 139.336038512, 35.733178281 ], [ 139.336037952, 35.733268414 ], [ 139.336148497, 35.733268871 ], [ 139.336149057, 35.733178738 ], [ 139.336259602, 35.733179195 ], [ 139.336370147, 35.733179651 ], [ 139.336370707, 35.733089518 ], [ 139.336481252, 35.733089975 ], [ 139.336481812, 35.732999842 ], [ 139.336371267, 35.732999385 ], [ 139.336371827, 35.732909252 ], [ 139.336261283, 35.732908796 ], [ 139.336261843, 35.732818663 ] ], [ [ 139.335487469, 35.732905597 ], [ 139.33548803, 35.732815464 ], [ 139.335598575, 35.732815921 ], [ 139.335599136, 35.732725788 ], [ 139.33570968, 35.732726245 ], [ 139.33570912, 35.732816378 ], [ 139.335708559, 35.732906511 ], [ 139.335598014, 35.732906054 ], [ 139.335487469, 35.732905597 ] ], [ [ 139.335819664, 35.732816835 ], [ 139.335820225, 35.732726702 ], [ 139.335930769, 35.732727159 ], [ 139.335930209, 35.732817292 ], [ 139.335819664, 35.732816835 ] ] ] } },
{ "type": "Feature", "properties": { "A51_001": "東京都", "A51_002": "13", "A51_003": "福生市", "A51_004": "13218", "A51_005": "0.3m未満" }, "geometry": { "type": "Polygon", "coordinates": [ [ [ 139.321333149, 35.733567281 ], [ 139.321222603, 35.733566811 ], [ 139.321222026, 35.733656944 ], [ 139.321221449, 35.733747076 ], [ 139.321110904, 35.733746606 ], [ 139.321110326, 35.733836739 ], [ 139.320999781, 35.733836268 ], [ 139.320999203, 35.733926401 ], [ 139.320998626, 35.734016534 ], [ 139.321109172, 35.734017004 ], [ 139.321109749, 35.733926871 ], [ 139.321220295, 35.733927342 ], [ 139.321220872, 35.733837209 ], [ 139.321331418, 35.73383768 ], [ 139.321331995, 35.733747547 ], [ 139.321332572, 35.733657414 ], [ 139.321333149, 35.733567281 ] ] ] } },
{ "type": "Feature", "properties": { "A51_001": "東京都", "A51_002": "13", "A51_003": "福生市", "A51_004": "13218", "A51_005": "0.3m未満" }, "geometry": { "type": "Polygon", "coordinates": [ [ [ 139.320886925, 35.734196328 ], [ 139.320997471, 35.734196799 ], [ 139.320998049, 35.734106666 ], [ 139.320887503, 35.734106196 ], [ 139.320886925, 35.734196328 ] ] ] } },
{ "type": "Feature", "properties": { "A51_001": "東京都", "A51_002": "13", "A51_003": "福生市", "A51_004": "13218", "A51_005": "0.3m未満" }, "geometry": { "type": "Polygon", "coordinates": [ [ [ 139.320886925, 35.734196328 ], [ 139.320776379, 35.734195857 ], [ 139.320775801, 35.73428599 ], [ 139.320775224, 35.734376123 ], [ 139.32088577, 35.734376594 ], [ 139.320886348, 35.734286461 ], [ 139.320886925, 35.734196328 ] ] ] } },
{ "type": "Feature", "properties": { "A51_001": "東京都", "A51_002": "13", "A51_003": "福生市", "A51_004": "13218", "A51_005": "0.3m未満" }, "geometry": { "type": "Polygon", "coordinates": [ [ [ 139.324324758, 35.732498351 ], [ 139.324214214, 35.732497883 ], [ 139.32410367, 35.732497416 ], [ 139.324103097, 35.732587548 ], [ 139.324102523, 35.732677681 ], [ 139.323991979, 35.732677213 ], [ 139.323991405, 35.732767346 ], [ 139.32388086, 35.732766878 ], [ 139.323880286, 35.732857011 ], [ 139.323879712, 35.732947144 ], [ 139.323769168, 35.732946676 ], [ 139.323768593, 35.733036809 ], [ 139.323658049, 35.73303634 ], [ 139.323657474, 35.733126473 ], [ 139.32354693, 35.733126005 ], [ 139.323436385, 35.733125536 ], [ 139.32343581, 35.733215669 ], [ 139.323325265, 35.733215201 ], [ 139.32321472, 35.733214732 ], [ 139.323214146, 35.733304865 ], [ 139.3231036, 35.733304396 ], [ 139.323103026, 35.733394529 ], [ 139.32299248, 35.73339406 ], [ 139.322881935, 35.733393591 ], [ 139.32288136, 35.733483724 ], [ 139.322770815, 35.733483255 ], [ 139.322660269, 35.733482786 ], [ 139.322549724, 35.733482317 ], [ 139.322439179, 35.733481847 ], [ 139.322328633, 35.733481378 ], [ 139.322329209, 35.733391245 ], [ 139.322218664, 35.733390776 ], [ 139.32221924, 35.733300643 ], [ 139.322108695, 35.733300173 ], [ 139.32199815, 35.733299703 ], [ 139.321887605, 35.733299234 ], [ 139.321887029, 35.733389366 ], [ 139.321776483, 35.733388896 ], [ 139.321665938, 35.733388426 ], [ 139.321666515, 35.733298294 ], [ 139.32155597, 35.733297823 ], [ 139.321555393, 35.733387956 ], [ 139.321444848, 35.733387486 ], [ 139.321444271, 35.733477619 ], [ 139.321333726, 35.733477148 ], [ 139.321333149, 35.733567281 ], [ 139.321443694, 35.733567752 ], [ 139.32155424, 35.733568222 ], [ 139.321664785, 35.733568692 ], [ 139.32177533, 35.733569162 ], [ 139.321774754, 35.733659295 ], [ 139.321774178, 35.733749428 ], [ 139.321773601, 35.73383956 ], [ 139.321773025, 35.733929693 ], [ 139.321772448, 35.734019826 ], [ 139.321661902, 35.734019356 ], [ 139.321661326, 35.734109489 ], [ 139.32155078, 35.734109019 ], [ 139.321550203, 35.734199151 ], [ 139.321549626, 35.734289284 ], [ 139.32143908, 35.734288814 ], [ 139.321438503, 35.734378947 ], [ 139.321327956, 35.734378476 ], [ 139.321327379, 35.734468609 ], [ 139.321216833, 35.734468139 ], [ 139.321216256, 35.734558271 ], [ 139.321105709, 35.734557801 ], [ 139.321105132, 35.734647934 ], [ 139.320994585, 35.734647463 ], [ 139.320994007, 35.734737596 ], [ 139.32099343, 35.734827728 ], [ 139.320992853, 35.734917861 ], [ 139.3211034, 35.734918332 ], [ 139.321103977, 35.734828199 ], [ 139.321214524, 35.73482867 ], [ 139.321215101, 35.734738537 ], [ 139.321325649, 35.734739007 ], [ 139.321326225, 35.734648875 ], [ 139.321436772, 35.734649345 ], [ 139.321437349, 35.734559212 ], [ 139.321547896, 35.734559682 ], [ 139.321548473, 35.73446955 ], [ 139.321659019, 35.73447002 ], [ 139.321769566, 35.73447049 ], [ 139.321770142, 35.734380357 ], [ 139.321880689, 35.734380827 ], [ 139.321881265, 35.734290694 ], [ 139.321991812, 35.734291164 ], [ 139.321992388, 35.734201031 ], [ 139.322102934, 35.734201501 ], [ 139.32210351, 35.734111368 ], [ 139.322214057, 35.734111838 ], [ 139.322214632, 35.734021705 ], [ 139.322325179, 35.734022175 ], [ 139.322325754, 35.733932042 ], [ 139.3224363, 35.733932511 ], [ 139.322546846, 35.733932981 ], [ 139.322546271, 35.734023114 ], [ 139.322545695, 35.734113246 ], [ 139.322656241, 35.734113716 ], [ 139.322766787, 35.734114185 ], [ 139.322767363, 35.734024052 ], [ 139.322656817, 35.734023583 ], [ 139.322657392, 35.73393345 ], [ 139.322767938, 35.733933919 ], [ 139.322878484, 35.733934388 ], [ 139.32298903, 35.733934857 ], [ 139.322989605, 35.733844724 ], [ 139.32299018, 35.733754591 ], [ 139.322879634, 35.733754123 ], [ 139.322879059, 35.733844255 ], [ 139.322768513, 35.733843786 ], [ 139.322769089, 35.733753654 ], [ 139.322658543, 35.733753184 ], [ 139.322659118, 35.733663052 ], [ 139.322769664, 35.733663521 ], [ 139.32288021, 35.73366399 ], [ 139.322990755, 35.733664459 ], [ 139.32299133, 35.733574326 ], [ 139.322991905, 35.733484193 ], [ 139.323102451, 35.733484662 ], [ 139.323212996, 35.733485131 ], [ 139.323213571, 35.733394998 ], [ 139.323324116, 35.733395466 ], [ 139.323434661, 35.733395935 ], [ 139.323545206, 35.733396403 ], [ 139.323655752, 35.733396872 ], [ 139.323655177, 35.733487004 ], [ 139.323654603, 35.733577137 ], [ 139.323765148, 35.733577605 ], [ 139.323764574, 35.733667738 ], [ 139.32387512, 35.733668206 ], [ 139.323874546, 35.733758339 ], [ 139.323985091, 35.733758807 ], [ 139.323984517, 35.73384894 ], [ 139.324095063, 35.733849408 ], [ 139.324205609, 35.733849876 ], [ 139.324205035, 35.733940009 ], [ 139.324315581, 35.733940476 ], [ 139.324315008, 35.734030609 ], [ 139.324425554, 35.734031077 ], [ 139.32442498, 35.73412121 ], [ 139.324535527, 35.734121677 ], [ 139.324534953, 35.73421181 ], [ 139.3246455, 35.734212277 ], [ 139.324756046, 35.734212745 ], [ 139.324755473, 35.734302878 ], [ 139.324866019, 35.734303345 ], [ 139.324976566, 35.734303812 ], [ 139.325087112, 35.734304279 ], [ 139.325087685, 35.734214146 ], [ 139.325088258, 35.734124013 ], [ 139.325198804, 35.73412448 ], [ 139.325198232, 35.734214613 ], [ 139.325308778, 35.73421508 ], [ 139.325308205, 35.734305213 ], [ 139.325418752, 35.734305679 ], [ 139.32541818, 35.734395812 ], [ 139.325528726, 35.734396279 ], [ 139.325639273, 35.734396745 ], [ 139.325639845, 35.734306612 ], [ 139.325750391, 35.734307079 ], [ 139.325860938, 35.734307545 ], [ 139.325971484, 35.734308011 ], [ 139.326082031, 35.734308477 ], [ 139.326192577, 35.734308943 ], [ 139.326193149, 35.734218811 ], [ 139.326303695, 35.734219276 ], [ 139.326304267, 35.734129144 ], [ 139.326414813, 35.734129609 ], [ 139.326525359, 35.734130075 ], [ 139.326635905, 35.734130541 ], [ 139.326636476, 35.734040408 ], [ 139.326747023, 35.734040873 ], [ 139.326857569, 35.734041339 ], [ 139.326858139, 35.733951206 ], [ 139.326968685, 35.733951671 ], [ 139.327079232, 35.733952136 ], [ 139.327079802, 35.733862003 ], [ 139.327190348, 35.733862468 ], [ 139.327190918, 35.733772336 ], [ 139.327191489, 35.733682203 ], [ 139.327302034, 35.733682668 ], [ 139.327302604, 35.733592535 ], [ 139.327303175, 35.733502402 ], [ 139.327303745, 35.733412269 ], [ 139.3271932, 35.733411804 ], [ 139.32719377, 35.733321671 ], [ 139.327083225, 35.733321206 ], [ 139.32697268, 35.733320741 ], [ 139.326972109, 35.733410874 ], [ 139.326971538, 35.733501007 ], [ 139.326860993, 35.733500541 ], [ 139.326860422, 35.733590674 ], [ 139.326749877, 35.733590209 ], [ 139.326750448, 35.733500076 ], [ 139.326639902, 35.733499611 ], [ 139.326639331, 35.733589743 ], [ 139.326528786, 35.733589278 ], [ 139.32641824, 35.733588812 ], [ 139.326307695, 35.733588346 ], [ 139.326197149, 35.733587881 ], [ 139.326196578, 35.733678013 ], [ 139.326086032, 35.733677547 ], [ 139.326086604, 35.733587415 ], [ 139.325976058, 35.733586949 ], [ 139.325865513, 35.733586482 ], [ 139.325754967, 35.733586016 ], [ 139.325644422, 35.73358555 ], [ 139.325644994, 35.733495417 ], [ 139.325534448, 35.73349495 ], [ 139.32553502, 35.733404817 ], [ 139.325424475, 35.733404351 ], [ 139.32531393, 35.733403884 ], [ 139.325314502, 35.733313751 ], [ 139.325203957, 35.733313285 ], [ 139.32520453, 35.733223152 ], [ 139.325205102, 35.733133019 ], [ 139.325094558, 35.733132552 ], [ 139.32509513, 35.733042419 ], [ 139.324984586, 35.733041952 ], [ 139.324874041, 35.733041485 ], [ 139.324763496, 35.733041018 ], [ 139.324652951, 35.733040551 ], [ 139.324542407, 35.733040083 ], [ 139.324431862, 35.733039616 ], [ 139.324432435, 35.732949483 ], [ 139.324321891, 35.732949015 ], [ 139.324211346, 35.732948548 ], [ 139.32421192, 35.732858415 ], [ 139.324212493, 35.732768282 ], [ 139.324213067, 35.732678149 ], [ 139.324213641, 35.732588016 ], [ 139.324324185, 35.732588484 ], [ 139.324324758, 35.732498351 ] ] ] } },
{ "type": "Feature", "properties": { "A51_001": "東京都", "A51_002": "13", "A51_003": "福生市", "A51_004": "13218", "A51_005": "0.3m未満" }, "geometry": { "type": "Polygon", "coordinates": [ [ [ 139.320992853, 35.734917861 ], [ 139.320882306, 35.73491739 ], [ 139.320881728, 35.735007523 ], [ 139.320992275, 35.735007994 ], [ 139.320992853, 35.734917861 ] ] ] } },
{ "type": "Feature", "properties": { "A51_001": "東京都", "A51_002": "13", "A51_003": "福生市", "A51_004": "13218", "A51_005": "0.3m未満" }, "geometry": { "type": "Polygon", "coordinates": [ [ [ 139.320881728, 35.735007523 ], [ 139.320771181, 35.735007052 ], [ 139.320770603, 35.735097185 ], [ 139.320770025, 35.735187318 ], [ 139.320880573, 35.735187789 ], [ 139.320881151, 35.735097656 ], [ 139.320881728, 35.735007523 ] ] ] } },
{ "type": "Feature", "properties": { "A51_001": "東京都", "A51_002": "13", "A51_003": "福生市", "A51_004": "13218", "A51_005": "0.3m未満" }, "geometry": { "type": "Polygon", "coordinates": [ [ [ 139.320770025, 35.735187318 ], [ 139.320659478, 35.735186847 ], [ 139.3206589, 35.73527698 ], [ 139.320658322, 35.735367112 ], [ 139.32076887, 35.735367583 ], [ 139.320769448, 35.735277451 ], [ 139.320770025, 35.735187318 ] ] ] } },
{ "type": "Feature", "properties": { "A51_001": "東京都", "A51_002": "13", "A51_003": "福生市", "A51_004": "13218", "A51_005": "0.3m未満" }, "geometry": { "type": "Polygon", "coordinates": [ [ [ 139.328618914, 35.735220498 ], [ 139.328619483, 35.735130365 ], [ 139.328508935, 35.735129902 ], [ 139.328509504, 35.735039769 ], [ 139.328510073, 35.734949636 ], [ 139.328510642, 35.734859503 ], [ 139.328400094, 35.734859039 ], [ 139.328289547, 35.734858575 ], [ 139.328288978, 35.734948708 ], [ 139.328288409, 35.735038841 ], [ 139.328398956, 35.735039305 ], [ 139.328398387, 35.735129438 ], [ 139.328397818, 35.735219571 ], [ 139.32828727, 35.735219107 ], [ 139.328286701, 35.73530924 ], [ 139.328397249, 35.735309703 ], [ 139.32839668, 35.735399836 ], [ 139.328507228, 35.7354003 ], [ 139.328617776, 35.735400764 ], [ 139.328617208, 35.735490897 ], [ 139.328616639, 35.73558103 ], [ 139.328727187, 35.735581493 ], [ 139.328726619, 35.735671626 ], [ 139.328837167, 35.73567209 ], [ 139.328947715, 35.735672553 ], [ 139.328948284, 35.73558242 ], [ 139.328948852, 35.735492288 ], [ 139.328949421, 35.735402155 ], [ 139.328838873, 35.735401691 ], [ 139.328839441, 35.735311558 ], [ 139.328728893, 35.735311095 ], [ 139.328729462, 35.735220962 ], [ 139.328618914, 35.735220498 ] ] ] } },
{ "type": "Feature", "properties": { "A51_001": "東京都", "A51_002": "13", "A51_003": "福生市", "A51_004": "13218", "A51_005": "0.3m未満" }, "geometry": { "type": "Polygon", "coordinates": [ [ [ 139.320658322, 35.735367112 ], [ 139.320547774, 35.735366641 ], [ 139.320547197, 35.735456774 ], [ 139.320436649, 35.735456303 ], [ 139.320437227, 35.73536617 ], [ 139.320326679, 35.735365699 ], [ 139.320326101, 35.735455832 ], [ 139.320215553, 35.73545536 ], [ 139.320214974, 35.735545493 ], [ 139.320214396, 35.735635626 ], [ 139.320324944, 35.735636097 ], [ 139.320435493, 35.735636568 ], [ 139.320434915, 35.735726701 ], [ 139.320545463, 35.735727172 ], [ 139.320546041, 35.73563704 ], [ 139.320546619, 35.735546907 ], [ 139.320657167, 35.735547378 ], [ 139.320657745, 35.735457245 ], [ 139.320658322, 35.735367112 ] ] ] } },
{ "type": "Feature", "properties": { "A51_001": "東京都", "A51_002": "13", "A51_003": "福生市", "A51_004": "13218", "A51_005": "0.3m未満" }, "geometry": { "type": "Polygon", "coordinates": [ [ [ 139.323533143, 35.735289192 ], [ 139.323422595, 35.735288724 ], [ 139.323312047, 35.735288255 ], [ 139.323312622, 35.735198122 ], [ 139.323313196, 35.73510799 ], [ 139.323423744, 35.735108458 ], [ 139.323424319, 35.735018325 ], [ 139.323534866, 35.735018794 ], [ 139.323534292, 35.735108927 ], [ 139.323533717, 35.735199059 ], [ 139.323533143, 35.735289192 ], [ 139.32364369, 35.735289661 ], [ 139.323754238, 35.735290129 ], [ 139.323754813, 35.735199996 ], [ 139.323755387, 35.735109863 ], [ 139.323755961, 35.73501973 ], [ 139.323645414, 35.735019262 ], [ 139.323645988, 35.734929129 ], [ 139.323535441, 35.734928661 ], [ 139.323424893, 35.734928193 ], [ 139.323425468, 35.73483806 ], [ 139.323426042, 35.734747927 ], [ 139.323426617, 35.734657794 ], [ 139.32331607, 35.734657326 ], [ 139.323316645, 35.734567193 ], [ 139.323206098, 35.734566724 ], [ 139.323095551, 35.734566256 ], [ 139.322985004, 35.734565787 ], [ 139.322985579, 35.734475654 ], [ 139.322986155, 35.734385521 ], [ 139.322875608, 35.734385052 ], [ 139.322876183, 35.734294919 ], [ 139.322765637, 35.73429445 ], [ 139.322766212, 35.734204318 ], [ 139.322655666, 35.734203848 ], [ 139.322545119, 35.734203379 ], [ 139.322544544, 35.734293512 ], [ 139.322543968, 35.734383645 ], [ 139.322543393, 35.734473778 ], [ 139.322542817, 35.73456391 ], [ 139.32243227, 35.734563441 ], [ 139.322431695, 35.734653574 ], [ 139.322431119, 35.734743707 ], [ 139.322320572, 35.734743237 ], [ 139.322210025, 35.734742768 ], [ 139.322209449, 35.7348329 ], [ 139.322098902, 35.734832431 ], [ 139.322098326, 35.734922563 ], [ 139.322097749, 35.735012696 ], [ 139.321987202, 35.735012226 ], [ 139.321986626, 35.735102359 ], [ 139.32198605, 35.735192492 ], [ 139.321985473, 35.735282625 ], [ 139.321874926, 35.735282155 ], [ 139.321874349, 35.735372288 ], [ 139.321873773, 35.73546242 ], [ 139.321763225, 35.73546195 ], [ 139.321762648, 35.735552083 ], [ 139.321762072, 35.735642216 ], [ 139.321651524, 35.735641746 ], [ 139.321650947, 35.735731879 ], [ 139.32165037, 35.735822011 ], [ 139.321649794, 35.735912144 ], [ 139.321649217, 35.736002277 ], [ 139.321759766, 35.736002747 ], [ 139.321760342, 35.735912614 ], [ 139.321870891, 35.735913084 ], [ 139.321871467, 35.735822951 ], [ 139.321872044, 35.735732819 ], [ 139.32187262, 35.735642686 ], [ 139.321983168, 35.735643156 ], [ 139.321983745, 35.735553023 ], [ 139.322094293, 35.735553493 ], [ 139.322204841, 35.735553963 ], [ 139.322315389, 35.735554432 ], [ 139.322425937, 35.735554902 ], [ 139.322536485, 35.735555371 ], [ 139.322647034, 35.73555584 ], [ 139.322757582, 35.735556309 ], [ 139.32286813, 35.735556778 ], [ 139.322867555, 35.735646911 ], [ 139.322978103, 35.73564738 ], [ 139.323088651, 35.735647849 ], [ 139.323089226, 35.735557716 ], [ 139.323199775, 35.735558185 ], [ 139.323200349, 35.735468052 ], [ 139.323310897, 35.735468521 ], [ 139.323421446, 35.735468989 ], [ 139.32342202, 35.735378857 ], [ 139.323532568, 35.735379325 ], [ 139.323533143, 35.735289192 ] ], [ [ 139.323093826, 35.734836654 ], [ 139.323094401, 35.734746521 ], [ 139.323094976, 35.734656388 ], [ 139.323205523, 35.734656857 ], [ 139.323204948, 35.73474699 ], [ 139.323204373, 35.734837123 ], [ 139.323203799, 35.734927255 ], [ 139.323093251, 35.734926787 ], [ 139.323093826, 35.734836654 ] ] ] } },
{ "type": "Feature", "properties": { "A51_001": "東京都", "A51_002": "13", "A51_003": "福生市", "A51_004": "13218", "A51_005": "0.3m未満" }, "geometry": { "type": "Polygon", "coordinates": [ [ [ 139.321649217, 35.736002277 ], [ 139.321538668, 35.736001807 ], [ 139.321538092, 35.736091939 ], [ 139.321537515, 35.736182072 ], [ 139.321648064, 35.736182542 ], [ 139.32164864, 35.73609241 ], [ 139.321649217, 35.736002277 ] ] ] } },
{ "type": "Feature", "properties": { "A51_001": "東京都", "A51_002": "13", "A51_003": "福生市", "A51_004": "13218", "A51_005": "0.3m未満" }, "geometry": { "type": "Polygon", "coordinates": [ [ [ 139.323749644, 35.736011191 ], [ 139.323639095, 35.736010723 ], [ 139.323638521, 35.736100856 ], [ 139.323637947, 35.736190989 ], [ 139.323748496, 35.736191457 ], [ 139.323859045, 35.736191925 ], [ 139.323859619, 35.736101792 ], [ 139.323860193, 35.736011659 ], [ 139.323749644, 35.736011191 ] ] ] } },
{ "type": "Feature", "properties": { "A51_001": "東京都", "A51_002": "13", "A51_003": "福生市", "A51_004": "13218", "A51_005": "0.3m未満" }, "geometry": { "type": "Polygon", "coordinates": [ [ [ 139.325074512, 35.736287201 ], [ 139.325075085, 35.736197068 ], [ 139.325185634, 35.736197535 ], [ 139.325186207, 35.736107402 ], [ 139.325075658, 35.736106935 ], [ 139.32507623, 35.736016802 ], [ 139.324965681, 35.736016335 ], [ 139.324965109, 35.736106468 ], [ 139.324964536, 35.736196601 ], [ 139.324963963, 35.736286734 ], [ 139.325074512, 35.736287201 ] ] ] } },
{ "type": "Feature", "properties": { "A51_001": "東京都", "A51_002": "13", "A51_003": "福生市", "A51_004": "13218", "A51_005": "0.3m未満" }, "geometry": { "type": "Polygon", "coordinates": [ [ [ 139.321537515, 35.736182072 ], [ 139.321426966, 35.736181602 ], [ 139.321426389, 35.736271735 ], [ 139.321425812, 35.736361867 ], [ 139.321536361, 35.736362338 ], [ 139.321536938, 35.736272205 ], [ 139.321537515, 35.736182072 ] ] ] } },
{ "type": "Feature", "properties": { "A51_001": "東京都", "A51_002": "13", "A51_003": "福生市", "A51_004": "13218", "A51_005": "0.3m未満" }, "geometry": { "type": "Polygon", "coordinates": [ [ [ 139.321425812, 35.736361867 ], [ 139.321315263, 35.736361397 ], [ 139.321314686, 35.73645153 ], [ 139.321314109, 35.736541663 ], [ 139.321424658, 35.736542133 ], [ 139.321425235, 35.736452 ], [ 139.321425812, 35.736361867 ] ] ] } },
{ "type": "Feature", "properties": { "A51_001": "東京都", "A51_002": "13", "A51_003": "福生市", "A51_004": "13218", "A51_005": "0.3m未満" }, "geometry": { "type": "Polygon", "coordinates": [ [ [ 139.321314109, 35.736541663 ], [ 139.321203559, 35.736541192 ], [ 139.32109301, 35.736540721 ], [ 139.321092432, 35.736630854 ], [ 139.321091855, 35.736720987 ], [ 139.321091278, 35.73681112 ], [ 139.321090701, 35.736901252 ], [ 139.321201251, 35.736901723 ], [ 139.321201828, 35.73681159 ], [ 139.321202405, 35.736721458 ], [ 139.321202982, 35.736631325 ], [ 139.321313532, 35.736631795 ], [ 139.321314109, 35.736541663 ] ] ] } },
{ "type": "Feature", "properties": { "A51_001": "東京都", "A51_002": "13", "A51_003": "福生市", "A51_004": "13218", "A51_005": "0.3m未満" }, "geometry": { "type": "Polygon", "coordinates": [ [ [ 139.320978418, 35.73717118 ], [ 139.321088969, 35.737171651 ], [ 139.321089546, 35.737081518 ], [ 139.320978996, 35.737081047 ], [ 139.320978418, 35.73717118 ] ] ] } },
{ "type": "Feature", "properties": { "A51_001": "東京都", "A51_002": "13", "A51_003": "福生市", "A51_004": "13218", "A51_005": "0.3m未満" }, "geometry": { "type": "Polygon", "coordinates": [ [ [ 139.320978418, 35.73717118 ], [ 139.320867868, 35.737170709 ], [ 139.32086729, 35.737260842 ], [ 139.32075674, 35.737260371 ], [ 139.320756162, 35.737350504 ], [ 139.320866713, 35.737350975 ], [ 139.320866135, 35.737441107 ], [ 139.320755585, 35.737440636 ], [ 139.320645034, 35.737440165 ], [ 139.320534483, 35.737439694 ], [ 139.320423932, 35.737439223 ], [ 139.320423354, 35.737529356 ], [ 139.320533905, 35.737529827 ], [ 139.320644456, 35.737530298 ], [ 139.320755007, 35.737530769 ], [ 139.320865558, 35.73753124 ], [ 139.320976109, 35.737531711 ], [ 139.320976686, 35.737441578 ], [ 139.320977264, 35.737351445 ], [ 139.320977841, 35.737261313 ], [ 139.320978418, 35.73717118 ] ] ] } },
{ "type": "Feature", "properties": { "A51_001": "東京都", "A51_002": "13", "A51_003": "福生市", "A51_004": "13218", "A51_005": "0.3m未満" }, "geometry": { "type": "Polygon", "coordinates": [ [ [ 139.333036882, 35.735869896 ], [ 139.333037446, 35.735779764 ], [ 139.333147994, 35.735780223 ], [ 139.333147431, 35.735870356 ], [ 139.333036882, 35.735869896 ], [ 139.333036318, 35.735960029 ], [ 139.332925769, 35.73595957 ], [ 139.332925205, 35.736049703 ], [ 139.332924641, 35.736139835 ], [ 139.332814092, 35.736139376 ], [ 139.332703543, 35.736138916 ], [ 139.332702979, 35.736229049 ], [ 139.33259243, 35.736228589 ], [ 139.332592994, 35.736138456 ], [ 139.332482445, 35.736137996 ], [ 139.332371896, 35.736137535 ], [ 139.33237246, 35.736047402 ], [ 139.332261911, 35.736046942 ], [ 139.332151362, 35.736046482 ], [ 139.332040813, 35.736046021 ], [ 139.332040248, 35.736136154 ], [ 139.332039683, 35.736226287 ], [ 139.332039118, 35.73631642 ], [ 139.332038554, 35.736406553 ], [ 139.332037989, 35.736496686 ], [ 139.332148538, 35.736497146 ], [ 139.332147973, 35.736587279 ], [ 139.332147409, 35.736677412 ], [ 139.332146844, 35.736767545 ], [ 139.332146279, 35.736857678 ], [ 139.332145714, 35.736947811 ], [ 139.332256264, 35.736948271 ], [ 139.3322557, 35.737038404 ], [ 139.332145149, 35.737037943 ], [ 139.332144585, 35.737128076 ], [ 139.33214402, 35.737218209 ], [ 139.33225457, 35.73721867 ], [ 139.332365121, 35.73721913 ], [ 139.332364556, 35.737309263 ], [ 139.332254006, 35.737308803 ], [ 139.332253441, 35.737398935 ], [ 139.332252876, 35.737489068 ], [ 139.332363427, 35.737489529 ], [ 139.332362863, 35.737579662 ], [ 139.332362298, 35.737669794 ], [ 139.332361733, 35.737759927 ], [ 139.332472285, 35.737760388 ], [ 139.332582836, 35.737760848 ], [ 139.332583401, 35.737670715 ], [ 139.332693952, 35.737671175 ], [ 139.332804503, 35.737671635 ], [ 139.332805067, 35.737581502 ], [ 139.332915618, 35.737581962 ], [ 139.332916182, 35.737491829 ], [ 139.333026733, 35.737492289 ], [ 139.333027297, 35.737402156 ], [ 139.332916746, 35.737401696 ], [ 139.332806195, 35.737401236 ], [ 139.332806759, 35.737311103 ], [ 139.332696209, 35.737310643 ], [ 139.332696773, 35.737220511 ], [ 139.332807324, 35.73722097 ], [ 139.332807888, 35.737130838 ], [ 139.332808452, 35.737040705 ], [ 139.332809016, 35.736950572 ], [ 139.33280958, 35.736860439 ], [ 139.33269903, 35.736859979 ], [ 139.332699594, 35.736769846 ], [ 139.332700158, 35.736679713 ], [ 139.332810708, 35.736680173 ], [ 139.332921258, 35.736680633 ], [ 139.332921822, 35.7365905 ], [ 139.333032372, 35.73659096 ], [ 139.333032935, 35.736500827 ], [ 139.333033499, 35.736410694 ], [ 139.333144049, 35.736411154 ], [ 139.333254598, 35.736411613 ], [ 139.333255162, 35.73632148 ], [ 139.333255725, 35.736231347 ], [ 139.333256289, 35.736141214 ], [ 139.333256853, 35.736051081 ], [ 139.333367402, 35.736051541 ], [ 139.333367965, 35.735961408 ], [ 139.333478514, 35.735961867 ], [ 139.333479077, 35.735871734 ], [ 139.333589626, 35.735872194 ], [ 139.333590189, 35.735782061 ], [ 139.333590752, 35.735691928 ], [ 139.333480204, 35.735691469 ], [ 139.333480767, 35.735601336 ], [ 139.33348133, 35.735511203 ], [ 139.333481894, 35.73542107 ], [ 139.333482457, 35.735330937 ], [ 139.33348302, 35.735240804 ], [ 139.333483583, 35.735150671 ], [ 139.333484147, 35.735060538 ], [ 139.33348471, 35.734970405 ], [ 139.333485273, 35.734880272 ], [ 139.333485837, 35.734790139 ], [ 139.333375289, 35.73478968 ], [ 139.333375853, 35.734699547 ], [ 139.333376416, 35.734609414 ], [ 139.333376979, 35.734519281 ], [ 139.333377543, 35.734429148 ], [ 139.333378106, 35.734339015 ], [ 139.33337867, 35.734248882 ], [ 139.333379233, 35.734158749 ], [ 139.333379796, 35.734068616 ], [ 139.333490343, 35.734069076 ], [ 139.333490906, 35.733978943 ], [ 139.333491469, 35.73388881 ], [ 139.333492032, 35.733798677 ], [ 139.333492596, 35.733708544 ], [ 139.333603141, 35.733709003 ], [ 139.333602578, 35.733799136 ], [ 139.333713124, 35.733799595 ], [ 139.33382367, 35.733800054 ], [ 139.333823107, 35.733890187 ], [ 139.333822544, 35.73398032 ], [ 139.333933091, 35.733980779 ], [ 139.333932528, 35.734070912 ], [ 139.333931965, 35.734161045 ], [ 139.334042512, 35.734161504 ], [ 139.334043074, 35.734071371 ], [ 139.33415362, 35.734071829 ], [ 139.334153058, 35.734161962 ], [ 139.334152495, 35.734252095 ], [ 139.334263042, 35.734252554 ], [ 139.33426248, 35.734342687 ], [ 139.334373026, 35.734343145 ], [ 139.334372464, 35.734433278 ], [ 139.334371902, 35.734523411 ], [ 139.334482449, 35.734523869 ], [ 139.334592996, 35.734524328 ], [ 139.334703543, 35.734524786 ], [ 139.334702981, 35.734614919 ], [ 139.334813528, 35.734615377 ], [ 139.334812966, 35.73470551 ], [ 139.334812404, 35.734795643 ], [ 139.334922952, 35.734796101 ], [ 139.335033499, 35.734796559 ], [ 139.335144046, 35.734797016 ], [ 139.335143485, 35.734887149 ], [ 139.335142924, 35.734977282 ], [ 139.335253471, 35.73497774 ], [ 139.335364019, 35.734978198 ], [ 139.33536458, 35.734888065 ], [ 139.335365141, 35.734797932 ], [ 139.335365702, 35.734707799 ], [ 139.335255155, 35.734707341 ], [ 139.335255716, 35.734617208 ], [ 139.335145169, 35.734616751 ], [ 139.335145731, 35.734526618 ], [ 139.335035184, 35.73452616 ], [ 139.335035745, 35.734436027 ], [ 139.334925198, 35.734435569 ], [ 139.33492576, 35.734345436 ], [ 139.334815213, 35.734344978 ], [ 139.334815775, 35.734254845 ], [ 139.334816337, 35.734164712 ], [ 139.33470579, 35.734164254 ], [ 139.334595244, 35.734163796 ], [ 139.334595806, 35.734073663 ], [ 139.334596368, 35.73398353 ], [ 139.334485822, 35.733983072 ], [ 139.334375275, 35.733982613 ], [ 139.334375838, 35.73389248 ], [ 139.3343764, 35.733802347 ], [ 139.334265854, 35.733801889 ], [ 139.334155308, 35.73380143 ], [ 139.33415587, 35.733711297 ], [ 139.334156433, 35.733621164 ], [ 139.334045887, 35.733620706 ], [ 139.333935342, 35.733620247 ], [ 139.333935904, 35.733530114 ], [ 139.333825359, 35.733529655 ], [ 139.333825922, 35.733439522 ], [ 139.333715376, 35.733439063 ], [ 139.333715939, 35.73334893 ], [ 139.333605394, 35.733348471 ], [ 139.333605957, 35.733258338 ], [ 139.333495412, 35.733257879 ], [ 139.333384867, 35.73325742 ], [ 139.33338543, 35.733167287 ], [ 139.333495975, 35.733167746 ], [ 139.333496538, 35.733077613 ], [ 139.333497101, 35.73298748 ], [ 139.333497665, 35.732897347 ], [ 139.333498228, 35.732807214 ], [ 139.333387683, 35.732806755 ], [ 139.333388247, 35.732716622 ], [ 139.33338881, 35.732626489 ], [ 139.333278266, 35.73262603 ], [ 139.333278829, 35.732535897 ], [ 139.333279392, 35.732445764 ], [ 139.333279956, 35.732355631 ], [ 139.333169412, 35.732355171 ], [ 139.333169976, 35.732265038 ], [ 139.333059432, 35.732264579 ], [ 139.333059995, 35.732174446 ], [ 139.333060559, 35.732084313 ], [ 139.333061123, 35.73199418 ], [ 139.332950579, 35.73199372 ], [ 139.332951143, 35.731903587 ], [ 139.333061686, 35.731904047 ], [ 139.33306225, 35.731813914 ], [ 139.332951707, 35.731813454 ], [ 139.332952271, 35.731723321 ], [ 139.332841728, 35.731722861 ], [ 139.332842292, 35.731632728 ], [ 139.332731749, 35.731632269 ], [ 139.332732313, 35.731542136 ], [ 139.332732877, 35.731452003 ], [ 139.332733441, 35.73136187 ], [ 139.332622898, 35.73136141 ], [ 139.332623462, 35.731271277 ], [ 139.33251292, 35.731270817 ], [ 139.332513484, 35.731180684 ], [ 139.332514049, 35.731090551 ], [ 139.332403506, 35.731090091 ], [ 139.332292964, 35.73108963 ], [ 139.3322924, 35.731179763 ], [ 139.332181857, 35.731179303 ], [ 139.332182422, 35.73108917 ], [ 139.332182987, 35.730999037 ], [ 139.332072445, 35.730998577 ], [ 139.331961903, 35.730998116 ], [ 139.331962468, 35.730907983 ], [ 139.331963033, 35.73081785 ], [ 139.331963597, 35.730727717 ], [ 139.331853056, 35.730727256 ], [ 139.331853621, 35.730637123 ], [ 139.331854186, 35.73054699 ], [ 139.331854751, 35.730456857 ], [ 139.33174421, 35.730456397 ], [ 139.331744775, 35.730366264 ], [ 139.331634233, 35.730365803 ], [ 139.331634799, 35.73027567 ], [ 139.331524258, 35.730275209 ], [ 139.331413717, 35.730274748 ], [ 139.331303176, 35.730274287 ], [ 139.331192635, 35.730273826 ], [ 139.331192069, 35.730363958 ], [ 139.33130261, 35.73036442 ], [ 139.331413151, 35.730364881 ], [ 139.331412586, 35.730455014 ], [ 139.33141202, 35.730545147 ], [ 139.331411455, 35.73063528 ], [ 139.331521996, 35.730635741 ], [ 139.331521431, 35.730725874 ], [ 139.331631972, 35.730726335 ], [ 139.331631407, 35.730816468 ], [ 139.331630842, 35.730906601 ], [ 139.331630277, 35.730996734 ], [ 139.331740819, 35.730997195 ], [ 139.331740253, 35.731087328 ], [ 139.331739688, 35.731177461 ], [ 139.331850231, 35.731177921 ], [ 139.331849666, 35.731268054 ], [ 139.331960208, 35.731268515 ], [ 139.33207075, 35.731268975 ], [ 139.332070186, 35.731359108 ], [ 139.331959643, 35.731358648 ], [ 139.331959078, 35.731448781 ], [ 139.331958513, 35.731538914 ], [ 139.33184797, 35.731538453 ], [ 139.331737428, 35.731537992 ], [ 139.331736863, 35.731628125 ], [ 139.331736297, 35.731718258 ], [ 139.331625754, 35.731717797 ], [ 139.331625189, 35.73180793 ], [ 139.331624624, 35.731898063 ], [ 139.331624058, 35.731988196 ], [ 139.331623493, 35.732078329 ], [ 139.331622928, 35.732168462 ], [ 139.331733471, 35.732168923 ], [ 139.331732906, 35.732259056 ], [ 139.331732341, 35.732349189 ], [ 139.331731776, 35.732439322 ], [ 139.331621232, 35.732438861 ], [ 139.331620667, 35.732528994 ], [ 139.331731211, 35.732529455 ], [ 139.331841755, 35.732529916 ], [ 139.33184119, 35.732620049 ], [ 139.331730645, 35.732619588 ], [ 139.33173008, 35.732709721 ], [ 139.331729515, 35.732799854 ], [ 139.33184006, 35.732800315 ], [ 139.331839495, 35.732890447 ], [ 139.331838929, 35.73298058 ], [ 139.331949474, 35.732981041 ], [ 139.332060019, 35.732981502 ], [ 139.332060584, 35.732891369 ], [ 139.332171128, 35.732891829 ], [ 139.332170564, 35.732981962 ], [ 139.332169999, 35.733072095 ], [ 139.332059454, 35.733071635 ], [ 139.332058889, 35.733161768 ], [ 139.332058324, 35.733251901 ], [ 139.33205776, 35.733342033 ], [ 139.332057195, 35.733432166 ], [ 139.33205663, 35.733522299 ], [ 139.332167175, 35.73352276 ], [ 139.332166611, 35.733612893 ], [ 139.332277156, 35.733613353 ], [ 139.332276592, 35.733703486 ], [ 139.332276027, 35.733793619 ], [ 139.332275463, 35.733883752 ], [ 139.332274898, 35.733973885 ], [ 139.332274333, 35.734064018 ], [ 139.332273769, 35.734154151 ], [ 139.332384315, 35.734154611 ], [ 139.332494862, 35.734155071 ], [ 139.332494297, 35.734245204 ], [ 139.332383751, 35.734244744 ], [ 139.332383186, 35.734334877 ], [ 139.332493733, 35.734335337 ], [ 139.332493168, 35.73442547 ], [ 139.332603715, 35.73442593 ], [ 139.332603151, 35.734516063 ], [ 139.332602587, 35.734606196 ], [ 139.332602022, 35.734696329 ], [ 139.332601458, 35.734786462 ], [ 139.332600894, 35.734876595 ], [ 139.33260033, 35.734966728 ], [ 139.332710877, 35.734967188 ], [ 139.332710313, 35.735057321 ], [ 139.332709749, 35.735147454 ], [ 139.332820297, 35.735147914 ], [ 139.332819733, 35.735238047 ], [ 139.332930281, 35.735238506 ], [ 139.332929717, 35.735328639 ], [ 139.332819169, 35.735328179 ], [ 139.332818605, 35.735418312 ], [ 139.332708056, 35.735417852 ], [ 139.332707492, 35.735507985 ], [ 139.332818041, 35.735508445 ], [ 139.332817477, 35.735598578 ], [ 139.332816913, 35.735688711 ], [ 139.332816348, 35.735778844 ], [ 139.332926897, 35.735779304 ], [ 139.332926333, 35.735869437 ], [ 139.333036882, 35.735869896 ] ], [ [ 139.332501634, 35.733073476 ], [ 139.332502198, 35.732983343 ], [ 139.332612743, 35.732983803 ], [ 139.332612179, 35.733073936 ], [ 139.332501634, 35.733073476 ] ], [ [ 139.332063408, 35.732440704 ], [ 139.331952864, 35.732440243 ], [ 139.331953429, 35.73235011 ], [ 139.332063973, 35.732350571 ], [ 139.332063408, 35.732440704 ], [ 139.332173952, 35.732441164 ], [ 139.332173387, 35.732531297 ], [ 139.332062843, 35.732530837 ], [ 139.332063408, 35.732440704 ] ] ] } },
{ "type": "Feature", "properties": { "A51_001": "東京都", "A51_002": "13", "A51_003": "福生市", "A51_004": "13218", "A51_005": "0.3m未満" }, "geometry": { "type": "Polygon", "coordinates": [ [ [ 139.333242199, 35.738394537 ], [ 139.333242763, 35.738304404 ], [ 139.333243327, 35.738214271 ], [ 139.33324389, 35.738124138 ], [ 139.333133338, 35.738123679 ], [ 139.333133902, 35.738033546 ], [ 139.333134466, 35.737943413 ], [ 139.333023914, 35.737942953 ], [ 139.33302335, 35.738033086 ], [ 139.332912799, 35.738032626 ], [ 139.332912235, 35.738122759 ], [ 139.333022786, 35.738123219 ], [ 139.333022223, 35.738213352 ], [ 139.333021659, 35.738303485 ], [ 139.333132211, 35.738303944 ], [ 139.333131647, 35.738394077 ], [ 139.333242199, 35.738394537 ] ] ] } },
{ "type": "Feature", "properties": { "A51_001": "東京都", "A51_002": "13", "A51_003": "福生市", "A51_004": "13218", "A51_005": "0.3m未満" }, "geometry": { "type": "Polygon", "coordinates": [ [ [ 139.319865392, 35.738338192 ], [ 139.31975484, 35.73833772 ], [ 139.319754261, 35.738427853 ], [ 139.319864813, 35.738428325 ], [ 139.319975365, 35.738428797 ], [ 139.319975944, 35.738338664 ], [ 139.319865392, 35.738338192 ] ] ] } },
{ "type": "Feature", "properties": { "A51_001": "東京都", "A51_002": "13", "A51_003": "福生市", "A51_004": "13218", "A51_005": "0.3m未満" }, "geometry": { "type": "Polygon", "coordinates": [ [ [ 139.319861341, 35.738969121 ], [ 139.31986192, 35.738878988 ], [ 139.319972472, 35.73887946 ], [ 139.319973051, 35.738789328 ], [ 139.31997363, 35.738699195 ], [ 139.319974208, 35.738609062 ], [ 139.319863656, 35.73860859 ], [ 139.319863077, 35.738698723 ], [ 139.319862498, 35.738788856 ], [ 139.319751946, 35.738788384 ], [ 139.319641393, 35.738787912 ], [ 139.319640814, 35.738878045 ], [ 139.319751367, 35.738878517 ], [ 139.319750788, 35.738968649 ], [ 139.319750209, 35.739058782 ], [ 139.319860762, 35.739059254 ], [ 139.319861341, 35.738969121 ] ] ] } },
{ "type": "Feature", "properties": { "A51_001": "東京都", "A51_002": "13", "A51_003": "福生市", "A51_004": "13218", "A51_005": "0.3m未満" }, "geometry": { "type": "Polygon", "coordinates": [ [ [ 139.322404633, 35.738889813 ], [ 139.32229408, 35.738889344 ], [ 139.322293504, 35.738979476 ], [ 139.322292928, 35.739069609 ], [ 139.322403481, 35.739070079 ], [ 139.322514034, 35.739070548 ], [ 139.32251461, 35.738980415 ], [ 139.322515186, 35.738890283 ], [ 139.322404633, 35.738889813 ] ] ] } },
{ "type": "Feature", "properties": { "A51_001": "東京都", "A51_002": "13", "A51_003": "福生市", "A51_004": "13218", "A51_005": "0.3m未満" }, "geometry": { "type": "Polygon", "coordinates": [ [ [ 139.319639656, 35.73905831 ], [ 139.319529103, 35.739057838 ], [ 139.319528524, 35.739147971 ], [ 139.319639077, 35.739148443 ], [ 139.319639656, 35.73905831 ] ] ] } },
{ "type": "Feature", "properties": { "A51_001": "東京都", "A51_002": "13", "A51_003": "福生市", "A51_004": "13218", "A51_005": "0.3m未満" }, "geometry": { "type": "Polygon", "coordinates": [ [ [ 139.333242199, 35.738394537 ], [ 139.333241636, 35.73848467 ], [ 139.333241072, 35.738574803 ], [ 139.333351625, 35.738575262 ], [ 139.333351061, 35.738665395 ], [ 139.333461614, 35.738665854 ], [ 139.33346105, 35.738755987 ], [ 139.333571603, 35.738756446 ], [ 139.333682156, 35.738756906 ], [ 139.333681593, 35.738847039 ], [ 139.33368103, 35.738937171 ], [ 139.333791583, 35.73893763 ], [ 139.33379102, 35.739027763 ], [ 139.333790457, 35.739117896 ], [ 139.33390101, 35.739118355 ], [ 139.334011563, 35.739118814 ], [ 139.334122117, 35.739119273 ], [ 139.334121554, 35.739209406 ], [ 139.334232107, 35.739209864 ], [ 139.33423267, 35.739119731 ], [ 139.334343223, 35.73912019 ], [ 139.334453777, 35.739120648 ], [ 139.33456433, 35.739121107 ], [ 139.334674883, 35.739121565 ], [ 139.334785437, 35.739122023 ], [ 139.33489599, 35.739122481 ], [ 139.335006543, 35.739122939 ], [ 139.335005982, 35.739213072 ], [ 139.335116535, 35.73921353 ], [ 139.335227088, 35.739213988 ], [ 139.335337642, 35.739214445 ], [ 139.335338203, 35.739124312 ], [ 139.335338764, 35.73903418 ], [ 139.335339326, 35.738944047 ], [ 139.335339887, 35.738853914 ], [ 139.335340448, 35.738763781 ], [ 139.335229895, 35.738763323 ], [ 139.335119343, 35.738762865 ], [ 139.33500879, 35.738762408 ], [ 139.334898237, 35.73876195 ], [ 139.334898799, 35.738671817 ], [ 139.33489936, 35.738581684 ], [ 139.334788808, 35.738581226 ], [ 139.334678255, 35.738580768 ], [ 139.334678817, 35.738490635 ], [ 139.334568265, 35.738490177 ], [ 139.334457712, 35.738489718 ], [ 139.33434716, 35.73848926 ], [ 139.334346598, 35.738579393 ], [ 139.334236045, 35.738578934 ], [ 139.334125492, 35.738578475 ], [ 139.33401494, 35.738578017 ], [ 139.334015503, 35.738487884 ], [ 139.33390495, 35.738487425 ], [ 139.333904387, 35.738577558 ], [ 139.333903825, 35.738667691 ], [ 139.333793272, 35.738667232 ], [ 139.333682719, 35.738666773 ], [ 139.333683282, 35.73857664 ], [ 139.333683845, 35.738486507 ], [ 139.333684409, 35.738396374 ], [ 139.333573856, 35.738395915 ], [ 139.333574419, 35.738305782 ], [ 139.333574983, 35.738215649 ], [ 139.333464431, 35.73821519 ], [ 139.333353879, 35.738214731 ], [ 139.333353315, 35.738304863 ], [ 139.333352752, 35.738394996 ], [ 139.333242199, 35.738394537 ] ] ] } },
{ "type": "Feature", "properties": { "A51_001": "東京都", "A51_002": "13", "A51_003": "福生市", "A51_004": "13218", "A51_005": "0.3m未満" }, "geometry": { "type": "Polygon", "coordinates": [ [ [ 139.338537001, 35.740309268 ], [ 139.338537559, 35.740219135 ], [ 139.338648113, 35.74021959 ], [ 139.338758668, 35.740220044 ], [ 139.338869223, 35.740220499 ], [ 139.338869781, 35.740130366 ], [ 139.338980335, 35.74013082 ], [ 139.338980893, 35.740040687 ], [ 139.339091447, 35.740041141 ], [ 139.339092004, 35.739951008 ], [ 139.339092561, 35.739860876 ], [ 139.339093118, 35.739770743 ], [ 139.339203673, 35.739771197 ], [ 139.33920423, 35.739681064 ], [ 139.339314784, 35.739681518 ], [ 139.33931534, 35.739591385 ], [ 139.339315897, 35.739501252 ], [ 139.339426451, 35.739501706 ], [ 139.339427008, 35.739411573 ], [ 139.339427565, 35.73932144 ], [ 139.339538118, 35.739321894 ], [ 139.339538675, 35.739231761 ], [ 139.339428121, 35.739231307 ], [ 139.339428678, 35.739141174 ], [ 139.339539231, 35.739141628 ], [ 139.339539788, 35.739051495 ], [ 139.339540344, 35.738961362 ], [ 139.339650897, 35.738961815 ], [ 139.339651454, 35.738871683 ], [ 139.33965201, 35.73878155 ], [ 139.339762563, 35.738782003 ], [ 139.339763119, 35.73869187 ], [ 139.339763676, 35.738601737 ], [ 139.339874228, 35.738602191 ], [ 139.339874785, 35.738512058 ], [ 139.339875341, 35.738421925 ], [ 139.339875897, 35.738331792 ], [ 139.339876453, 35.738241659 ], [ 139.339987005, 35.738242112 ], [ 139.339987561, 35.738151979 ], [ 139.339988117, 35.738061846 ], [ 139.339988673, 35.737971713 ], [ 139.340099225, 35.737972166 ], [ 139.340099781, 35.737882034 ], [ 139.339989229, 35.73788158 ], [ 139.339989785, 35.737791447 ], [ 139.340100337, 35.737791901 ], [ 139.340100893, 35.737701768 ], [ 139.340101448, 35.737611635 ], [ 139.340212, 35.737612088 ], [ 139.340322551, 35.737612541 ], [ 139.340323107, 35.737522408 ], [ 139.340212556, 35.737521955 ], [ 139.340213111, 35.737431822 ], [ 139.340323662, 35.737432275 ], [ 139.340324218, 35.737342142 ], [ 139.340324774, 35.737252009 ], [ 139.340325329, 35.737161876 ], [ 139.34043588, 35.737162329 ], [ 139.340436435, 35.737072196 ], [ 139.340436991, 35.736982063 ], [ 139.340437546, 35.73689193 ], [ 139.340548097, 35.736892383 ], [ 139.340548652, 35.73680225 ], [ 139.340549207, 35.736712117 ], [ 139.340659757, 35.736712569 ], [ 139.340660313, 35.736622436 ], [ 139.340660868, 35.736532303 ], [ 139.340661423, 35.73644217 ], [ 139.340661978, 35.736352037 ], [ 139.340772528, 35.73635249 ], [ 139.340883077, 35.736352942 ], [ 139.340883632, 35.736262809 ], [ 139.340884187, 35.736172676 ], [ 139.340994737, 35.736173129 ], [ 139.340995292, 35.736082996 ], [ 139.340995846, 35.735992863 ], [ 139.340996401, 35.73590273 ], [ 139.340996956, 35.735812597 ], [ 139.340997511, 35.735722464 ], [ 139.34110806, 35.735722916 ], [ 139.341108614, 35.735632783 ], [ 139.341219163, 35.735633235 ], [ 139.341329711, 35.735633687 ], [ 139.34144026, 35.735634139 ], [ 139.341550809, 35.735634591 ], [ 139.341661357, 35.735635043 ], [ 139.341771906, 35.735635495 ], [ 139.34177246, 35.735545362 ], [ 139.341883008, 35.735545813 ], [ 139.341883562, 35.73545568 ], [ 139.341884116, 35.735365547 ], [ 139.341994664, 35.735365999 ], [ 139.342105212, 35.73536645 ], [ 139.342105766, 35.735276317 ], [ 139.342216314, 35.735276768 ], [ 139.342216868, 35.735186635 ], [ 139.342217421, 35.735096502 ], [ 139.342217974, 35.735006369 ], [ 139.342218528, 35.734916236 ], [ 139.342329075, 35.734916687 ], [ 139.342329629, 35.734826554 ], [ 139.342330182, 35.734736421 ], [ 139.342440729, 35.734736872 ], [ 139.342441283, 35.734646739 ], [ 139.342441836, 35.734556606 ], [ 139.342331289, 35.734556155 ], [ 139.342331842, 35.734466022 ], [ 139.342442389, 35.734466473 ], [ 139.342442942, 35.73437634 ], [ 139.342332395, 35.734375889 ], [ 139.342332948, 35.734285756 ], [ 139.342222402, 35.734285305 ], [ 139.342221848, 35.734375438 ], [ 139.342111301, 35.734374986 ], [ 139.342000755, 35.734374535 ], [ 139.342000201, 35.734464668 ], [ 139.341999647, 35.734554801 ], [ 139.3418891, 35.73455435 ], [ 139.341888546, 35.734644483 ], [ 139.341777999, 35.734644031 ], [ 139.341777445, 35.734734164 ], [ 139.341776891, 35.734824297 ], [ 139.341666344, 35.734823846 ], [ 139.341555796, 35.734823394 ], [ 139.341555242, 35.734913527 ], [ 139.341444694, 35.734913075 ], [ 139.34144414, 35.735003208 ], [ 139.341333592, 35.735002756 ], [ 139.341333038, 35.735092889 ], [ 139.34122249, 35.735092437 ], [ 139.341111942, 35.735091985 ], [ 139.341111388, 35.735182118 ], [ 139.34100084, 35.735181665 ], [ 139.340890292, 35.735181213 ], [ 139.340889737, 35.735271346 ], [ 139.340779189, 35.735270894 ], [ 139.340778634, 35.735361027 ], [ 139.340668085, 35.735360574 ], [ 139.340557537, 35.735360121 ], [ 139.340556982, 35.735450254 ], [ 139.340446434, 35.735449802 ], [ 139.340445878, 35.735539935 ], [ 139.340445323, 35.735630068 ], [ 139.340334774, 35.735629615 ], [ 139.340224226, 35.735629162 ], [ 139.34022367, 35.735719295 ], [ 139.340223114, 35.735809428 ], [ 139.340112565, 35.735808975 ], [ 139.34011201, 35.735899108 ], [ 139.340111454, 35.735989241 ], [ 139.340110898, 35.736079374 ], [ 139.340110342, 35.736169507 ], [ 139.340109786, 35.73625964 ], [ 139.339999237, 35.736259186 ], [ 139.339998681, 35.736349319 ], [ 139.339888131, 35.736348866 ], [ 139.339887575, 35.736438999 ], [ 139.339777025, 35.736438546 ], [ 139.339776469, 35.736528679 ], [ 139.339887019, 35.736529132 ], [ 139.339886463, 35.736619265 ], [ 139.339885907, 35.736709398 ], [ 139.339775357, 35.736708945 ], [ 139.339774801, 35.736799078 ], [ 139.339774244, 35.736889211 ], [ 139.339663694, 35.736888757 ], [ 139.339663138, 35.73697889 ], [ 139.339662581, 35.737069023 ], [ 139.339552031, 35.737068569 ], [ 139.339551474, 35.737158702 ], [ 139.339550918, 35.737248835 ], [ 139.339550361, 35.737338968 ], [ 139.339549805, 35.737429101 ], [ 139.339439254, 35.737428648 ], [ 139.339438697, 35.737518781 ], [ 139.339328146, 35.737518327 ], [ 139.339327589, 35.73760846 ], [ 139.339438141, 35.737608914 ], [ 139.339437584, 35.737699046 ], [ 139.339437027, 35.737789179 ], [ 139.339326476, 35.737788726 ], [ 139.339215924, 35.737788272 ], [ 139.339215367, 35.737878405 ], [ 139.339214811, 35.737968538 ], [ 139.339214254, 35.738058671 ], [ 139.339103702, 35.738058216 ], [ 139.339103145, 35.738148349 ], [ 139.339102588, 35.738238482 ], [ 139.339102031, 35.738328615 ], [ 139.339101474, 35.738418748 ], [ 139.338990921, 35.738418294 ], [ 139.338990364, 35.738508427 ], [ 139.338989807, 35.73859856 ], [ 139.338879254, 35.738598106 ], [ 139.338878697, 35.738688239 ], [ 139.33887814, 35.738778372 ], [ 139.338877583, 35.738868505 ], [ 139.338877025, 35.738958638 ], [ 139.338876468, 35.739048771 ], [ 139.338765915, 35.739048316 ], [ 139.338765357, 35.739138449 ], [ 139.3387648, 35.739228582 ], [ 139.338654246, 35.739228128 ], [ 139.338653689, 35.73931826 ], [ 139.338653131, 35.739408393 ], [ 139.338652574, 35.739498526 ], [ 139.33854202, 35.739498072 ], [ 139.338431466, 35.739497617 ], [ 139.338430908, 35.73958775 ], [ 139.33843035, 35.739677883 ], [ 139.338319796, 35.739677428 ], [ 139.338209242, 35.739676973 ], [ 139.338208684, 35.739767106 ], [ 139.338208126, 35.739857239 ], [ 139.338097572, 35.739856784 ], [ 139.338097014, 35.739946917 ], [ 139.338096455, 35.74003705 ], [ 139.33820701, 35.740037505 ], [ 139.338207568, 35.739947372 ], [ 139.338318123, 35.739947827 ], [ 139.338317565, 35.74003796 ], [ 139.338428119, 35.740038415 ], [ 139.338427561, 35.740128548 ], [ 139.338427004, 35.740218681 ], [ 139.338316449, 35.740218226 ], [ 139.338205894, 35.740217771 ], [ 139.338205336, 35.740307904 ], [ 139.338315891, 35.740308359 ], [ 139.338426446, 35.740308813 ], [ 139.338537001, 35.740309268 ] ] ] } },
{ "type": "Feature", "properties": { "A51_001": "東京都", "A51_002": "13", "A51_003": "福生市", "A51_004": "13218", "A51_005": "0.3m未満" }, "geometry": { "type": "Polygon", "coordinates": [ [ [ 139.328580801, 35.741259397 ], [ 139.328470245, 35.741258933 ], [ 139.328469676, 35.741349066 ], [ 139.328469107, 35.741439199 ], [ 139.328468538, 35.741529332 ], [ 139.328467969, 35.741619464 ], [ 139.328578526, 35.741619928 ], [ 139.328689082, 35.741620392 ], [ 139.328799639, 35.741620856 ], [ 139.328800208, 35.741530723 ], [ 139.328800776, 35.74144059 ], [ 139.32869022, 35.741440127 ], [ 139.328690789, 35.741349994 ], [ 139.328580233, 35.74134953 ], [ 139.328580801, 35.741259397 ] ] ] } },
{ "type": "Feature", "properties": { "A51_001": "東京都", "A51_002": "13", "A51_003": "福生市", "A51_004": "13218", "A51_005": "0.3m未満" }, "geometry": { "type": "Polygon", "coordinates": [ [ [ 139.329019047, 35.741892181 ], [ 139.329019616, 35.741802048 ], [ 139.328909059, 35.741801585 ], [ 139.32890849, 35.741891718 ], [ 139.328797933, 35.741891254 ], [ 139.328797364, 35.741981387 ], [ 139.328907921, 35.74198185 ], [ 139.329018479, 35.741982314 ], [ 139.329019047, 35.741892181 ] ] ] } },
{ "type": "Feature", "properties": { "A51_001": "東京都", "A51_002": "13", "A51_003": "福生市", "A51_004": "13218", "A51_005": "0.3m未満" }, "geometry": { "type": "Polygon", "coordinates": [ [ [ 139.323271809, 35.741597547 ], [ 139.323161252, 35.741597078 ], [ 139.323160677, 35.741687211 ], [ 139.323160102, 35.741777344 ], [ 139.323270659, 35.741777813 ], [ 139.323270084, 35.741867945 ], [ 139.323380641, 35.741868414 ], [ 139.323380066, 35.741958547 ], [ 139.323379492, 35.742048679 ], [ 139.323490049, 35.742049148 ], [ 139.323600606, 35.742049616 ], [ 139.323711163, 35.742050085 ], [ 139.323711737, 35.741959952 ], [ 139.323712312, 35.741869819 ], [ 139.323712886, 35.741779687 ], [ 139.323602329, 35.741779218 ], [ 139.323491773, 35.74177875 ], [ 139.323492347, 35.741688617 ], [ 139.323492922, 35.741598484 ], [ 139.323382366, 35.741598016 ], [ 139.323271809, 35.741597547 ] ] ] } },
{ "type": "Feature", "properties": { "A51_001": "東京都", "A51_002": "13", "A51_003": "福生市", "A51_004": "13218", "A51_005": "0.3m未満" }, "geometry": { "type": "Polygon", "coordinates": [ [ [ 139.323932852, 35.741960888 ], [ 139.323822294, 35.74196042 ], [ 139.32382172, 35.742050553 ], [ 139.323821146, 35.742140686 ], [ 139.323931703, 35.742141154 ], [ 139.323931129, 35.742231287 ], [ 139.324041686, 35.742231755 ], [ 139.324152244, 35.742232223 ], [ 139.32415167, 35.742322355 ], [ 139.324262227, 35.742322823 ], [ 139.324372785, 35.742323291 ], [ 139.324483343, 35.742323759 ], [ 139.324482769, 35.742413891 ], [ 139.324482195, 35.742504024 ], [ 139.324592753, 35.742504492 ], [ 139.32459218, 35.742594624 ], [ 139.324702738, 35.742595092 ], [ 139.324702164, 35.742685224 ], [ 139.324812722, 35.742685692 ], [ 139.324923281, 35.742686159 ], [ 139.324923854, 35.742596026 ], [ 139.324924427, 35.742505894 ], [ 139.324813869, 35.742505426 ], [ 139.324814442, 35.742415294 ], [ 139.324703884, 35.742414826 ], [ 139.324704458, 35.742324694 ], [ 139.324705031, 35.742234561 ], [ 139.324594474, 35.742234093 ], [ 139.324483916, 35.742233626 ], [ 139.32448449, 35.742143493 ], [ 139.324373932, 35.742143026 ], [ 139.324263375, 35.742142558 ], [ 139.324263949, 35.742052425 ], [ 139.324153392, 35.742051957 ], [ 139.324153966, 35.741961825 ], [ 139.324043409, 35.741961357 ], [ 139.323932852, 35.741960888 ] ] ] } },
{ "type": "Feature", "properties": { "A51_001": "東京都", "A51_002": "13", "A51_003": "福生市", "A51_004": "13218", "A51_005": "0.3m未満" }, "geometry": { "type": "Polygon", "coordinates": [ [ [ 139.338300268, 35.74283208 ], [ 139.338300826, 35.742741947 ], [ 139.338411384, 35.742742402 ], [ 139.338411942, 35.742652269 ], [ 139.338301384, 35.742651814 ], [ 139.338190825, 35.742651359 ], [ 139.338080267, 35.742650904 ], [ 139.338080825, 35.742560771 ], [ 139.337970267, 35.742560316 ], [ 139.337970826, 35.742470183 ], [ 139.337860268, 35.742469728 ], [ 139.33774971, 35.742469273 ], [ 139.337639152, 35.742468817 ], [ 139.33763971, 35.742378684 ], [ 139.337529153, 35.742378229 ], [ 139.337418595, 35.742377773 ], [ 139.337419154, 35.74228764 ], [ 139.337308596, 35.742287184 ], [ 139.337198038, 35.742286728 ], [ 139.337087481, 35.742286272 ], [ 139.33708804, 35.74219614 ], [ 139.336977482, 35.742195684 ], [ 139.336978042, 35.742105551 ], [ 139.336867484, 35.742105094 ], [ 139.336756927, 35.742104638 ], [ 139.336757487, 35.742014505 ], [ 139.336646929, 35.742014049 ], [ 139.336536372, 35.742013592 ], [ 139.336425815, 35.742013136 ], [ 139.336425254, 35.742103269 ], [ 139.336314697, 35.742102812 ], [ 139.336315257, 35.742012679 ], [ 139.3362047, 35.742012222 ], [ 139.33620414, 35.742102355 ], [ 139.336093582, 35.742101898 ], [ 139.336093022, 35.742192031 ], [ 139.336203579, 35.742192488 ], [ 139.336203019, 35.742282621 ], [ 139.336313577, 35.742283078 ], [ 139.336424134, 35.742283535 ], [ 139.336423574, 35.742373667 ], [ 139.336534132, 35.742374124 ], [ 139.336533572, 35.742464257 ], [ 139.33664413, 35.742464713 ], [ 139.33664357, 35.742554846 ], [ 139.336754128, 35.742555303 ], [ 139.336864686, 35.742555759 ], [ 139.336975244, 35.742556215 ], [ 139.337085802, 35.742556671 ], [ 139.337085243, 35.742646804 ], [ 139.337195801, 35.74264726 ], [ 139.33730636, 35.742647716 ], [ 139.3373058, 35.742737849 ], [ 139.337416359, 35.742738304 ], [ 139.337526917, 35.74273876 ], [ 139.337637475, 35.742739216 ], [ 139.337636917, 35.742829349 ], [ 139.337747475, 35.742829804 ], [ 139.337858034, 35.742830259 ], [ 139.337968592, 35.742830715 ], [ 139.338079151, 35.74283117 ], [ 139.338189709, 35.742831625 ], [ 139.338300268, 35.74283208 ] ] ] } },
{ "type": "Feature", "properties": { "A51_001": "東京都", "A51_002": "13", "A51_003": "福生市", "A51_004": "13218", "A51_005": "0.3m未満" }, "geometry": { "type": "Polygon", "coordinates": [ [ [ 139.329565586, 35.742885957 ], [ 139.329566154, 35.742795825 ], [ 139.329676712, 35.742796288 ], [ 139.32967728, 35.742706155 ], [ 139.329677848, 35.742616022 ], [ 139.32956729, 35.742615559 ], [ 139.329567857, 35.742525426 ], [ 139.3294573, 35.742524963 ], [ 139.329457868, 35.742434831 ], [ 139.329458435, 35.742344698 ], [ 139.329347878, 35.742344235 ], [ 139.329348446, 35.742254102 ], [ 139.329349014, 35.742163969 ], [ 139.329238457, 35.742163506 ], [ 139.329239025, 35.742073373 ], [ 139.329128467, 35.74207291 ], [ 139.32901791, 35.742072447 ], [ 139.328907353, 35.742071983 ], [ 139.328906784, 35.742162116 ], [ 139.328906216, 35.742252249 ], [ 139.329016773, 35.742252712 ], [ 139.329127331, 35.742253176 ], [ 139.329126762, 35.742343308 ], [ 139.329126194, 35.742433441 ], [ 139.329236752, 35.742433904 ], [ 139.329236184, 35.742524037 ], [ 139.329235616, 35.74261417 ], [ 139.329235047, 35.742704303 ], [ 139.329345605, 35.742704766 ], [ 139.329345037, 35.742794899 ], [ 139.329344469, 35.742885031 ], [ 139.329455028, 35.742885495 ], [ 139.329565586, 35.742885957 ] ] ] } },
{ "type": "Feature", "properties": { "A51_001": "東京都", "A51_002": "13", "A51_003": "福生市", "A51_004": "13218", "A51_005": "0.3m未満" }, "geometry": { "type": "Polygon", "coordinates": [ [ [ 139.329894991, 35.743247877 ], [ 139.329895559, 35.743157744 ], [ 139.330006118, 35.743158207 ], [ 139.330006685, 35.743068074 ], [ 139.330007252, 35.742977941 ], [ 139.329896694, 35.742977479 ], [ 139.329786135, 35.742977016 ], [ 139.329675577, 35.742976553 ], [ 139.329675009, 35.743066686 ], [ 139.329674441, 35.743156819 ], [ 139.329785, 35.743157281 ], [ 139.329784433, 35.743247414 ], [ 139.329894991, 35.743247877 ] ] ] } },
{ "type": "Feature", "properties": { "A51_001": "東京都", "A51_002": "13", "A51_003": "福生市", "A51_004": "13218", "A51_005": "0.3m未満" }, "geometry": { "type": "Polygon", "coordinates": [ [ [ 139.325472064, 35.743319423 ], [ 139.325472636, 35.74322929 ], [ 139.325473209, 35.743139157 ], [ 139.32536265, 35.743138691 ], [ 139.325363223, 35.743048558 ], [ 139.325252664, 35.743048091 ], [ 139.325253237, 35.742957958 ], [ 139.325142678, 35.742957491 ], [ 139.32503212, 35.742957024 ], [ 139.325031547, 35.743047157 ], [ 139.325030974, 35.74313729 ], [ 139.325141533, 35.743137757 ], [ 139.32514096, 35.743227889 ], [ 139.325140387, 35.743318022 ], [ 139.325250946, 35.743318489 ], [ 139.325361505, 35.743318956 ], [ 139.325472064, 35.743319423 ] ] ] } },
{ "type": "Feature", "properties": { "A51_001": "東京都", "A51_002": "13", "A51_003": "福生市", "A51_004": "13218", "A51_005": "0.3m未満" }, "geometry": { "type": "Polygon", "coordinates": [ [ [ 139.325472064, 35.743319423 ], [ 139.325471491, 35.743409555 ], [ 139.325470919, 35.743499688 ], [ 139.325581478, 35.743500155 ], [ 139.325580906, 35.743590287 ], [ 139.325691465, 35.743590754 ], [ 139.325802024, 35.74359122 ], [ 139.325802596, 35.743501088 ], [ 139.325803168, 35.743410955 ], [ 139.325692609, 35.743410489 ], [ 139.325693182, 35.743320356 ], [ 139.325582623, 35.743319889 ], [ 139.325472064, 35.743319423 ] ] ] } },
{ "type": "Feature", "properties": { "A51_001": "東京都", "A51_002": "13", "A51_003": "福生市", "A51_004": "13218", "A51_005": "0.3m未満" }, "geometry": { "type": "Polygon", "coordinates": [ [ [ 139.326131415, 35.74395315 ], [ 139.326020855, 35.743952684 ], [ 139.326020284, 35.744042817 ], [ 139.326019712, 35.744132949 ], [ 139.326130272, 35.744133415 ], [ 139.326240832, 35.744133881 ], [ 139.326351392, 35.744134347 ], [ 139.326351964, 35.744044215 ], [ 139.326352535, 35.743954082 ], [ 139.326241975, 35.743953616 ], [ 139.326131415, 35.74395315 ] ] ] } },
{ "type": "Feature", "properties": { "A51_001": "東京都", "A51_002": "13", "A51_003": "福生市", "A51_004": "13218", "A51_005": "0.3m未満" }, "geometry": { "type": "Polygon", "coordinates": [ [ [ 139.319821983, 35.745098141 ], [ 139.319822562, 35.745008008 ], [ 139.319933123, 35.74500848 ], [ 139.319933702, 35.744918347 ], [ 139.319823141, 35.744917875 ], [ 139.31982372, 35.744827743 ], [ 139.319934281, 35.744828215 ], [ 139.319934859, 35.744738082 ], [ 139.319824299, 35.74473761 ], [ 139.319824877, 35.744647478 ], [ 139.319825456, 35.744557345 ], [ 139.319714896, 35.744556873 ], [ 139.319604335, 35.744556401 ], [ 139.319493775, 35.744555929 ], [ 139.319493195, 35.744646061 ], [ 139.319492616, 35.744736194 ], [ 139.319492037, 35.744826327 ], [ 139.319491458, 35.744916459 ], [ 139.319602019, 35.744916931 ], [ 139.31960144, 35.745007064 ], [ 139.31960086, 35.745097197 ], [ 139.319711422, 35.745097669 ], [ 139.319821983, 35.745098141 ] ] ] } },
{ "type": "Feature", "properties": { "A51_001": "東京都", "A51_002": "13", "A51_003": "福生市", "A51_004": "13218", "A51_005": "0.3m未満" }, "geometry": { "type": "Polygon", "coordinates": [ [ [ 139.32745015, 35.745220594 ], [ 139.327339588, 35.745220129 ], [ 139.327339018, 35.745310262 ], [ 139.327338447, 35.745400394 ], [ 139.327337877, 35.745490527 ], [ 139.327448439, 35.745490992 ], [ 139.327559001, 35.745491457 ], [ 139.327559571, 35.745401324 ], [ 139.327560141, 35.745311191 ], [ 139.327560712, 35.745221059 ], [ 139.32745015, 35.745220594 ] ] ] } },
{ "type": "Feature", "properties": { "A51_001": "東京都", "A51_002": "13", "A51_003": "福生市", "A51_004": "13218", "A51_005": "0.3m未満" }, "geometry": { "type": "Polygon", "coordinates": [ [ [ 139.318819971, 35.74617548 ], [ 139.318820551, 35.746085348 ], [ 139.318931114, 35.74608582 ], [ 139.318931694, 35.745995688 ], [ 139.319042256, 35.74599616 ], [ 139.319042836, 35.745906028 ], [ 139.319043416, 35.745815895 ], [ 139.318932854, 35.745815423 ], [ 139.318822291, 35.74581495 ], [ 139.318821711, 35.745905082 ], [ 139.318821131, 35.745995215 ], [ 139.318710569, 35.745994742 ], [ 139.318709988, 35.746084875 ], [ 139.318709408, 35.746175007 ], [ 139.318819971, 35.74617548 ] ] ] } },
{ "type": "Feature", "properties": { "A51_001": "東京都", "A51_002": "13", "A51_003": "福生市", "A51_004": "13218", "A51_005": "0.3m未満" }, "geometry": { "type": "Polygon", "coordinates": [ [ [ 139.319039937, 35.746356691 ], [ 139.3191505, 35.746357163 ], [ 139.31915108, 35.746267031 ], [ 139.31915166, 35.746176898 ], [ 139.319152239, 35.746086766 ], [ 139.319041676, 35.746086293 ], [ 139.319041097, 35.746176426 ], [ 139.319040517, 35.746266558 ], [ 139.319039937, 35.746356691 ] ] ] } },
{ "type": "Feature", "properties": { "A51_001": "東京都", "A51_002": "13", "A51_003": "福生市", "A51_004": "13218", "A51_005": "0.3m未満" }, "geometry": { "type": "Polygon", "coordinates": [ [ [ 139.319039937, 35.746356691 ], [ 139.318929374, 35.746356218 ], [ 139.318818811, 35.746355745 ], [ 139.318708248, 35.746355272 ], [ 139.318597685, 35.746354799 ], [ 139.318597105, 35.746444932 ], [ 139.318707668, 35.746445405 ], [ 139.318818231, 35.746445878 ], [ 139.318928794, 35.746446351 ], [ 139.319039357, 35.746446823 ], [ 139.319039937, 35.746356691 ] ] ] } },
{ "type": "Feature", "properties": { "A51_001": "東京都", "A51_002": "13", "A51_003": "福生市", "A51_004": "13218", "A51_005": "0.3m未満" }, "geometry": { "type": "Polygon", "coordinates": [ [ [ 139.318704767, 35.746896068 ], [ 139.318705347, 35.746805935 ], [ 139.318594784, 35.746805462 ], [ 139.318594203, 35.746895595 ], [ 139.318483639, 35.746895122 ], [ 139.318373076, 35.746894648 ], [ 139.318372495, 35.746984781 ], [ 139.318483059, 35.746985254 ], [ 139.318593623, 35.746985727 ], [ 139.318704187, 35.7469862 ], [ 139.318814751, 35.746986673 ], [ 139.318814171, 35.747076806 ], [ 139.318924735, 35.747077278 ], [ 139.318925315, 35.746987146 ], [ 139.318925895, 35.746897013 ], [ 139.318815331, 35.746896541 ], [ 139.318704767, 35.746896068 ] ] ] } },
{ "type": "Feature", "properties": { "A51_001": "東京都", "A51_002": "13", "A51_003": "福生市", "A51_004": "13218", "A51_005": "0.3m未満" }, "geometry": { "type": "Polygon", "coordinates": [ [ [ 139.318371334, 35.747165046 ], [ 139.31826077, 35.747164573 ], [ 139.318260189, 35.747254705 ], [ 139.318259608, 35.747344838 ], [ 139.318370173, 35.747345311 ], [ 139.318480737, 35.747345784 ], [ 139.318591302, 35.747346257 ], [ 139.318591882, 35.747256125 ], [ 139.318481318, 35.747255652 ], [ 139.318370753, 35.747255178 ], [ 139.318371334, 35.747165046 ] ] ] } },
{ "type": "Feature", "properties": { "A51_001": "東京都", "A51_002": "13", "A51_003": "福生市", "A51_004": "13218", "A51_005": "0.3m未満" }, "geometry": { "type": "Polygon", "coordinates": [ [ [ 139.334065841, 35.748132554 ], [ 139.334176406, 35.748133013 ], [ 139.334286972, 35.748133472 ], [ 139.334397538, 35.74813393 ], [ 139.3343981, 35.748043798 ], [ 139.334398663, 35.747953665 ], [ 139.334399225, 35.747863532 ], [ 139.33428866, 35.747863074 ], [ 139.334289223, 35.747772941 ], [ 139.334289785, 35.747682808 ], [ 139.33417922, 35.747682349 ], [ 139.334179783, 35.747592217 ], [ 139.334180346, 35.747502084 ], [ 139.33429091, 35.747502543 ], [ 139.334291473, 35.74741241 ], [ 139.334292036, 35.747322277 ], [ 139.334292598, 35.747232144 ], [ 139.334182034, 35.747231686 ], [ 139.334182597, 35.747141553 ], [ 139.334072032, 35.747141094 ], [ 139.334072595, 35.747050961 ], [ 139.334073158, 35.746960828 ], [ 139.334073721, 35.746870696 ], [ 139.333963157, 35.746870237 ], [ 139.333852593, 35.746869778 ], [ 139.333853156, 35.746779645 ], [ 139.333853719, 35.746689512 ], [ 139.333854282, 35.74659938 ], [ 139.333743718, 35.74659892 ], [ 139.333744282, 35.746508788 ], [ 139.333633718, 35.746508328 ], [ 139.333523155, 35.746507869 ], [ 139.333522591, 35.746598002 ], [ 139.333522028, 35.746688135 ], [ 139.333411464, 35.746687675 ], [ 139.3334109, 35.746777808 ], [ 139.333410337, 35.746867941 ], [ 139.333409773, 35.746958074 ], [ 139.333520337, 35.746958533 ], [ 139.333519774, 35.747048666 ], [ 139.333630338, 35.747049125 ], [ 139.333629775, 35.747139258 ], [ 139.333740339, 35.747139717 ], [ 139.333739776, 35.74722985 ], [ 139.333739212, 35.747319982 ], [ 139.333738649, 35.747410115 ], [ 139.333738086, 35.747500248 ], [ 139.333848651, 35.747500707 ], [ 139.333848088, 35.74759084 ], [ 139.333958653, 35.747591299 ], [ 139.33395809, 35.747681432 ], [ 139.333957527, 35.747771564 ], [ 139.334068092, 35.747772023 ], [ 139.334067529, 35.747862156 ], [ 139.334178095, 35.747862615 ], [ 139.334177532, 35.747952748 ], [ 139.334066966, 35.747952289 ], [ 139.334066403, 35.748042422 ], [ 139.334065841, 35.748132554 ] ] ] } },
{ "type": "Feature", "properties": { "A51_001": "東京都", "A51_002": "13", "A51_003": "福生市", "A51_004": "13218", "A51_005": "0.3m未満" }, "geometry": { "type": "Polygon", "coordinates": [ [ [ 139.334065841, 35.748132554 ], [ 139.333955275, 35.748132095 ], [ 139.333844709, 35.748131636 ], [ 139.333844146, 35.748221769 ], [ 139.333843583, 35.748311902 ], [ 139.333954149, 35.748312361 ], [ 139.334064715, 35.74831282 ], [ 139.334065278, 35.748222687 ], [ 139.334065841, 35.748132554 ] ] ] } },
{ "type": "Feature", "properties": { "A51_001": "東京都", "A51_002": "13", "A51_003": "福生市", "A51_004": "13218", "A51_005": "0.3m未満" }, "geometry": { "type": "Polygon", "coordinates": [ [ [ 139.333620761, 35.748581382 ], [ 139.333731327, 35.748581841 ], [ 139.333841893, 35.7485823 ], [ 139.333842456, 35.748492167 ], [ 139.33384302, 35.748402035 ], [ 139.333732453, 35.748401575 ], [ 139.333621887, 35.748401116 ], [ 139.333621324, 35.748491249 ], [ 139.333620761, 35.748581382 ] ] ] } },
{ "type": "Feature", "properties": { "A51_001": "東京都", "A51_002": "13", "A51_003": "福生市", "A51_004": "13218", "A51_005": "0.3m未満" }, "geometry": { "type": "Polygon", "coordinates": [ [ [ 139.323446366, 35.748899229 ], [ 139.323335799, 35.74889876 ], [ 139.323335224, 35.748988892 ], [ 139.323445791, 35.748989361 ], [ 139.323556357, 35.74898983 ], [ 139.323556932, 35.748899697 ], [ 139.323446366, 35.748899229 ] ] ] } },
{ "type": "Feature", "properties": { "A51_001": "東京都", "A51_002": "13", "A51_003": "福生市", "A51_004": "13218", "A51_005": "0.3m未満" }, "geometry": { "type": "Polygon", "coordinates": [ [ [ 139.333620761, 35.748581382 ], [ 139.333510194, 35.748580922 ], [ 139.333399628, 35.748580463 ], [ 139.333399064, 35.748670596 ], [ 139.333288498, 35.748670136 ], [ 139.333287934, 35.748760269 ], [ 139.3333985, 35.748760728 ], [ 139.333397937, 35.748850861 ], [ 139.333397373, 35.748940994 ], [ 139.33339681, 35.749031127 ], [ 139.333507377, 35.749031586 ], [ 139.33350794, 35.748941453 ], [ 139.333618507, 35.748941913 ], [ 139.33361907, 35.74885178 ], [ 139.333619634, 35.748761647 ], [ 139.333620197, 35.748671514 ], [ 139.333620761, 35.748581382 ] ] ] } },
{ "type": "Feature", "properties": { "A51_001": "東京都", "A51_002": "13", "A51_003": "福生市", "A51_004": "13218", "A51_005": "0.3m以上0.5m未満" }, "geometry": { "type": "Polygon", "coordinates": [ [ [ 139.330373466, 35.719904832 ], [ 139.33026294, 35.71990437 ], [ 139.330262373, 35.719994503 ], [ 139.3303729, 35.719994965 ], [ 139.330373466, 35.719904832 ] ] ] } },
{ "type": "Feature", "properties": { "A51_001": "東京都", "A51_002": "13", "A51_003": "福生市", "A51_004": "13218", "A51_005": "0.3m以上0.5m未満" }, "geometry": { "type": "Polygon", "coordinates": [ [ [ 139.33048286, 35.72008556 ], [ 139.330372333, 35.720085098 ], [ 139.330371767, 35.720175231 ], [ 139.330482294, 35.720175693 ], [ 139.33048286, 35.72008556 ] ] ] } },
{ "type": "Feature", "properties": { "A51_001": "東京都", "A51_002": "13", "A51_003": "福生市", "A51_004": "13218", "A51_005": "0.3m以上0.5m未満" }, "geometry": { "type": "Polygon", "coordinates": [ [ [ 139.330251607, 35.721707032 ], [ 139.330252174, 35.721616899 ], [ 139.330141645, 35.721616437 ], [ 139.330141078, 35.72170657 ], [ 139.330251607, 35.721707032 ] ] ] } },
{ "type": "Feature", "properties": { "A51_001": "東京都", "A51_002": "13", "A51_003": "福生市", "A51_004": "13218", "A51_005": "0.3m以上0.5m未満" }, "geometry": { "type": "Polygon", "coordinates": [ [ [ 139.330251607, 35.721707032 ], [ 139.330251041, 35.721797165 ], [ 139.33036157, 35.721797627 ], [ 139.330472099, 35.721798089 ], [ 139.330471533, 35.721888222 ], [ 139.330470967, 35.721978355 ], [ 139.330581496, 35.721978817 ], [ 139.330692026, 35.721979279 ], [ 139.330692592, 35.721889146 ], [ 139.330693158, 35.721799013 ], [ 139.330693724, 35.72170888 ], [ 139.330583195, 35.721708418 ], [ 139.330583761, 35.721618285 ], [ 139.330584327, 35.721528152 ], [ 139.330584894, 35.721438019 ], [ 139.33058546, 35.721347886 ], [ 139.330586026, 35.721257752 ], [ 139.330475498, 35.721257291 ], [ 139.330474931, 35.721347424 ], [ 139.330474365, 35.721437557 ], [ 139.330473798, 35.72152769 ], [ 139.330473232, 35.721617823 ], [ 139.330362703, 35.721617361 ], [ 139.330362137, 35.721707494 ], [ 139.330251607, 35.721707032 ] ] ] } },
{ "type": "Feature", "properties": { "A51_001": "東京都", "A51_002": "13", "A51_003": "福生市", "A51_004": "13218", "A51_005": "0.3m以上0.5m未満" }, "geometry": { "type": "Polygon", "coordinates": [ [ [ 139.331683967, 35.722434095 ], [ 139.331684532, 35.722343962 ], [ 139.331795062, 35.722344423 ], [ 139.331795627, 35.72225429 ], [ 139.331685097, 35.722253829 ], [ 139.331685662, 35.722163696 ], [ 139.331686227, 35.722073563 ], [ 139.331575697, 35.722073102 ], [ 139.331465167, 35.722072641 ], [ 139.331464602, 35.722162774 ], [ 139.331464037, 35.722252907 ], [ 139.331463471, 35.722343041 ], [ 139.331462906, 35.722433174 ], [ 139.331462341, 35.722523307 ], [ 139.331461776, 35.72261344 ], [ 139.33146121, 35.722703573 ], [ 139.331460645, 35.722793706 ], [ 139.33146008, 35.722883839 ], [ 139.331459514, 35.722973972 ], [ 139.331458949, 35.723064105 ], [ 139.331458384, 35.723154238 ], [ 139.331568915, 35.723154699 ], [ 139.33156835, 35.723244832 ], [ 139.331678881, 35.723245293 ], [ 139.331789412, 35.723245754 ], [ 139.331789977, 35.723155621 ], [ 139.331790542, 35.723065488 ], [ 139.331680011, 35.723065027 ], [ 139.331680576, 35.722974894 ], [ 139.331681141, 35.722884761 ], [ 139.331681706, 35.722794628 ], [ 139.331682271, 35.722704495 ], [ 139.331682836, 35.722614362 ], [ 139.331683402, 35.722524228 ], [ 139.331683967, 35.722434095 ] ] ] } },
{ "type": "Feature", "properties": { "A51_001": "東京都", "A51_002": "13", "A51_003": "福生市", "A51_004": "13218", "A51_005": "0.3m以上0.5m未満" }, "geometry": { "type": "Polygon", "coordinates": [ [ [ 139.332232667, 35.72306733 ], [ 139.332122136, 35.723066869 ], [ 139.332121571, 35.723157002 ], [ 139.332121006, 35.723247136 ], [ 139.332231538, 35.723247596 ], [ 139.332342069, 35.723248056 ], [ 139.3324526, 35.723248516 ], [ 139.332563132, 35.723248976 ], [ 139.332673663, 35.723249436 ], [ 139.332784194, 35.723249896 ], [ 139.332894726, 35.723250356 ], [ 139.333005257, 35.723250815 ], [ 139.333115789, 35.723251275 ], [ 139.333116352, 35.723161142 ], [ 139.333116915, 35.723071009 ], [ 139.333006384, 35.723070549 ], [ 139.332895853, 35.723070089 ], [ 139.332785322, 35.72306963 ], [ 139.332674791, 35.72306917 ], [ 139.33256426, 35.72306871 ], [ 139.332453729, 35.72306825 ], [ 139.332343198, 35.72306779 ], [ 139.332232667, 35.72306733 ] ] ] } },
{ "type": "Feature", "properties": { "A51_001": "東京都", "A51_002": "13", "A51_003": "福生市", "A51_004": "13218", "A51_005": "0.3m以上0.5m未満" }, "geometry": { "type": "Polygon", "coordinates": [ [ [ 139.330134844, 35.722698034 ], [ 139.330024313, 35.722697572 ], [ 139.330023746, 35.722787705 ], [ 139.330023179, 35.722877838 ], [ 139.330022612, 35.722967971 ], [ 139.330133143, 35.722968433 ], [ 139.330243674, 35.722968895 ], [ 139.330243108, 35.723059028 ], [ 139.330242541, 35.723149161 ], [ 139.330241974, 35.723239295 ], [ 139.330241407, 35.723329428 ], [ 139.330240841, 35.723419561 ], [ 139.330351372, 35.723420023 ], [ 139.330351939, 35.72332989 ], [ 139.330352505, 35.723239757 ], [ 139.330353072, 35.723149623 ], [ 139.330353639, 35.72305949 ], [ 139.330354205, 35.722969357 ], [ 139.330354772, 35.722879224 ], [ 139.330355338, 35.722789091 ], [ 139.330355905, 35.722698958 ], [ 139.330245374, 35.722698496 ], [ 139.330134844, 35.722698034 ] ] ] } },
{ "type": "Feature", "properties": { "A51_001": "東京都", "A51_002": "13", "A51_003": "福生市", "A51_004": "13218", "A51_005": "0.3m以上0.5m未満" }, "geometry": { "type": "Polygon", "coordinates": [ [ [ 139.330350806, 35.723510156 ], [ 139.330240274, 35.723509694 ], [ 139.330239707, 35.723599827 ], [ 139.330239141, 35.72368996 ], [ 139.330349673, 35.723690422 ], [ 139.330350239, 35.723600289 ], [ 139.330350806, 35.723510156 ] ] ] } },
{ "type": "Feature", "properties": { "A51_001": "東京都", "A51_002": "13", "A51_003": "福生市", "A51_004": "13218", "A51_005": "0.3m以上0.5m未満" }, "geometry": { "type": "Polygon", "coordinates": [ [ [ 139.330349106, 35.723780555 ], [ 139.330238574, 35.723780093 ], [ 139.330238007, 35.723870226 ], [ 139.330237441, 35.723960359 ], [ 139.330347973, 35.723960821 ], [ 139.33034854, 35.723870688 ], [ 139.330349106, 35.723780555 ] ] ] } },
{ "type": "Feature", "properties": { "A51_001": "東京都", "A51_002": "13", "A51_003": "福生市", "A51_004": "13218", "A51_005": "0.3m以上0.5m未満" }, "geometry": { "type": "Polygon", "coordinates": [ [ [ 139.33034514, 35.724411486 ], [ 139.330345707, 35.724321353 ], [ 139.330346273, 35.72423122 ], [ 139.33034684, 35.724141087 ], [ 139.330347406, 35.724050954 ], [ 139.330236874, 35.724050492 ], [ 139.330236307, 35.724140625 ], [ 139.330235741, 35.724230758 ], [ 139.330235174, 35.724320891 ], [ 139.330234607, 35.724411024 ], [ 139.33034514, 35.724411486 ] ] ] } },
{ "type": "Feature", "properties": { "A51_001": "東京都", "A51_002": "13", "A51_003": "福生市", "A51_004": "13218", "A51_005": "0.3m以上0.5m未満" }, "geometry": { "type": "Polygon", "coordinates": [ [ [ 139.351001254, 35.726749442 ], [ 139.351001797, 35.726659308 ], [ 139.351112334, 35.726659751 ], [ 139.35122287, 35.726660194 ], [ 139.351333406, 35.726660637 ], [ 139.351333949, 35.726570504 ], [ 139.351334492, 35.72648037 ], [ 139.351223956, 35.726479928 ], [ 139.35111342, 35.726479485 ], [ 139.351112877, 35.726569618 ], [ 139.351002341, 35.726569175 ], [ 139.351002884, 35.726479042 ], [ 139.350892348, 35.726478599 ], [ 139.350891805, 35.726568732 ], [ 139.350781268, 35.726568289 ], [ 139.350780725, 35.726658422 ], [ 139.350780181, 35.726748555 ], [ 139.350890718, 35.726748998 ], [ 139.351001254, 35.726749442 ] ] ] } },
{ "type": "Feature", "properties": { "A51_001": "東京都", "A51_002": "13", "A51_003": "福生市", "A51_004": "13218", "A51_005": "0.3m以上0.5m未満" }, "geometry": { "type": "Polygon", "coordinates": [ [ [ 139.33034514, 35.724411486 ], [ 139.330344573, 35.724501619 ], [ 139.330344007, 35.724591752 ], [ 139.33034344, 35.724681885 ], [ 139.330453974, 35.724682347 ], [ 139.330453407, 35.724772481 ], [ 139.330452841, 35.724862614 ], [ 139.330452274, 35.724952747 ], [ 139.330451708, 35.72504288 ], [ 139.330562241, 35.725043342 ], [ 139.330561675, 35.725133475 ], [ 139.330561109, 35.725223608 ], [ 139.330560542, 35.725313741 ], [ 139.330559976, 35.725403874 ], [ 139.330449442, 35.725403412 ], [ 139.330448875, 35.725493545 ], [ 139.330448309, 35.725583678 ], [ 139.330447742, 35.725673811 ], [ 139.330447176, 35.725763944 ], [ 139.330336641, 35.725763482 ], [ 139.330336074, 35.725853615 ], [ 139.330335508, 35.725943748 ], [ 139.330334941, 35.726033881 ], [ 139.330334374, 35.726124014 ], [ 139.330223839, 35.726123552 ], [ 139.330223272, 35.726213685 ], [ 139.330222706, 35.726303818 ], [ 139.330222139, 35.726393951 ], [ 139.330111603, 35.726393489 ], [ 139.330111036, 35.726483622 ], [ 139.330110469, 35.726573755 ], [ 139.330109903, 35.726663888 ], [ 139.330109336, 35.726754021 ], [ 139.329998799, 35.726753559 ], [ 139.329998232, 35.726843692 ], [ 139.330108769, 35.726844154 ], [ 139.330108202, 35.726934287 ], [ 139.330107635, 35.72702442 ], [ 139.330107068, 35.727114553 ], [ 139.330106501, 35.727204686 ], [ 139.330217038, 35.727205148 ], [ 139.330216471, 35.727295281 ], [ 139.330215904, 35.727385414 ], [ 139.330215337, 35.727475547 ], [ 139.330325875, 35.727476009 ], [ 139.330326441, 35.727385876 ], [ 139.330327008, 35.727295743 ], [ 139.330327575, 35.72720561 ], [ 139.330328141, 35.727115477 ], [ 139.330328708, 35.727025344 ], [ 139.330329275, 35.726935211 ], [ 139.330218738, 35.726934749 ], [ 139.330219305, 35.726844616 ], [ 139.330329841, 35.726845078 ], [ 139.330330408, 35.726754945 ], [ 139.330330975, 35.726664812 ], [ 139.330331541, 35.726574679 ], [ 139.330221005, 35.726574217 ], [ 139.330221572, 35.726484084 ], [ 139.330332108, 35.726484546 ], [ 139.330442644, 35.726485008 ], [ 139.33044321, 35.726394875 ], [ 139.330332674, 35.726394413 ], [ 139.330333241, 35.72630428 ], [ 139.330333808, 35.726214147 ], [ 139.330444343, 35.726214609 ], [ 139.33044491, 35.726124476 ], [ 139.330555445, 35.726124938 ], [ 139.330556011, 35.726034805 ], [ 139.330556578, 35.725944672 ], [ 139.330446043, 35.72594421 ], [ 139.330446609, 35.725854077 ], [ 139.330557144, 35.725854539 ], [ 139.33055771, 35.725764406 ], [ 139.330668245, 35.725764868 ], [ 139.330668812, 35.725674735 ], [ 139.330669378, 35.725584602 ], [ 139.330669944, 35.725494469 ], [ 139.33067051, 35.725404335 ], [ 139.330671076, 35.725314202 ], [ 139.330671643, 35.725224069 ], [ 139.330672209, 35.725133936 ], [ 139.330672775, 35.725043803 ], [ 139.330673341, 35.72495367 ], [ 139.330673908, 35.724863537 ], [ 139.330563374, 35.724863075 ], [ 139.33056394, 35.724772942 ], [ 139.330564507, 35.724682809 ], [ 139.330565073, 35.724592676 ], [ 139.33045454, 35.724592214 ], [ 139.330455106, 35.724502081 ], [ 139.330455673, 35.724411948 ], [ 139.33034514, 35.724411486 ] ] ] } },
{ "type": "Feature", "properties": { "A51_001": "東京都", "A51_002": "13", "A51_003": "福生市", "A51_004": "13218", "A51_005": "0.3m以上0.5m未満" }, "geometry": { "type": "Polygon", "coordinates": [ [ [ 139.329993696, 35.727564756 ], [ 139.330104233, 35.727565218 ], [ 139.3301048, 35.727475085 ], [ 139.329994263, 35.727474623 ], [ 139.329993696, 35.727564756 ] ] ] } },
{ "type": "Feature", "properties": { "A51_001": "東京都", "A51_002": "13", "A51_003": "福生市", "A51_004": "13218", "A51_005": "0.3m以上0.5m未満" }, "geometry": { "type": "Polygon", "coordinates": [ [ [ 139.329993696, 35.727564756 ], [ 139.329883159, 35.727564293 ], [ 139.329772622, 35.727563831 ], [ 139.329662084, 35.727563368 ], [ 139.329661517, 35.727653501 ], [ 139.329772054, 35.727653964 ], [ 139.329882592, 35.727654426 ], [ 139.329993129, 35.727654889 ], [ 139.329993696, 35.727564756 ] ] ] } },
{ "type": "Feature", "properties": { "A51_001": "東京都", "A51_002": "13", "A51_003": "福生市", "A51_004": "13218", "A51_005": "0.3m以上0.5m未満" }, "geometry": { "type": "Polygon", "coordinates": [ [ [ 139.329661517, 35.727653501 ], [ 139.32955098, 35.727653038 ], [ 139.329550412, 35.727743171 ], [ 139.32966095, 35.727743634 ], [ 139.329661517, 35.727653501 ] ] ] } },
{ "type": "Feature", "properties": { "A51_001": "東京都", "A51_002": "13", "A51_003": "福生市", "A51_004": "13218", "A51_005": "0.3m以上0.5m未満" }, "geometry": { "type": "Polygon", "coordinates": [ [ [ 139.329550412, 35.727743171 ], [ 139.329439875, 35.727742708 ], [ 139.329329337, 35.727742246 ], [ 139.329328769, 35.727832379 ], [ 139.329439307, 35.727832841 ], [ 139.329549844, 35.727833304 ], [ 139.329550412, 35.727743171 ] ] ] } },
{ "type": "Feature", "properties": { "A51_001": "東京都", "A51_002": "13", "A51_003": "福生市", "A51_004": "13218", "A51_005": "0.3m以上0.5m未満" }, "geometry": { "type": "Polygon", "coordinates": [ [ [ 139.329328769, 35.727832379 ], [ 139.329218232, 35.727831915 ], [ 139.329107694, 35.727831452 ], [ 139.328997156, 35.727830989 ], [ 139.328886619, 35.727830526 ], [ 139.32888605, 35.727920659 ], [ 139.328996588, 35.727921122 ], [ 139.329107126, 35.727921585 ], [ 139.329217664, 35.727922048 ], [ 139.329328201, 35.727922512 ], [ 139.329328769, 35.727832379 ] ] ] } },
{ "type": "Feature", "properties": { "A51_001": "東京都", "A51_002": "13", "A51_003": "福生市", "A51_004": "13218", "A51_005": "0.3m以上0.5m未満" }, "geometry": { "type": "Polygon", "coordinates": [ [ [ 139.329547007, 35.728283969 ], [ 139.329657545, 35.728284432 ], [ 139.329768083, 35.728284895 ], [ 139.32976865, 35.728194762 ], [ 139.329879189, 35.728195224 ], [ 139.329879756, 35.728105091 ], [ 139.329880323, 35.728014958 ], [ 139.329769785, 35.728014496 ], [ 139.329769218, 35.728104629 ], [ 139.32965868, 35.728104166 ], [ 139.329548142, 35.728103703 ], [ 139.329547574, 35.728193836 ], [ 139.329547007, 35.728283969 ] ] ] } },
{ "type": "Feature", "properties": { "A51_001": "東京都", "A51_002": "13", "A51_003": "福生市", "A51_004": "13218", "A51_005": "0.3m以上0.5m未満" }, "geometry": { "type": "Polygon", "coordinates": [ [ [ 139.329547007, 35.728283969 ], [ 139.329436468, 35.728283506 ], [ 139.32932593, 35.728283043 ], [ 139.329325362, 35.728373176 ], [ 139.329435901, 35.728373639 ], [ 139.329546439, 35.728374102 ], [ 139.329547007, 35.728283969 ] ] ] } },
{ "type": "Feature", "properties": { "A51_001": "東京都", "A51_002": "13", "A51_003": "福生市", "A51_004": "13218", "A51_005": "0.3m以上0.5m未満" }, "geometry": { "type": "Polygon", "coordinates": [ [ [ 139.329325362, 35.728373176 ], [ 139.329214824, 35.728372713 ], [ 139.329104286, 35.72837225 ], [ 139.328993747, 35.728371787 ], [ 139.328883209, 35.728371324 ], [ 139.328882641, 35.728461457 ], [ 139.328993179, 35.72846192 ], [ 139.329103718, 35.728462383 ], [ 139.329214256, 35.728462846 ], [ 139.329324795, 35.728463309 ], [ 139.329325362, 35.728373176 ] ] ] } },
{ "type": "Feature", "properties": { "A51_001": "東京都", "A51_002": "13", "A51_003": "福生市", "A51_004": "13218", "A51_005": "0.3m以上0.5m未満" }, "geometry": { "type": "Polygon", "coordinates": [ [ [ 139.330539585, 35.728648662 ], [ 139.330540152, 35.728558529 ], [ 139.33065069, 35.728558991 ], [ 139.330651257, 35.728468858 ], [ 139.330761795, 35.72846932 ], [ 139.330872334, 35.728469781 ], [ 139.3308729, 35.728379648 ], [ 139.330873466, 35.728289515 ], [ 139.330874032, 35.728199382 ], [ 139.330763494, 35.728198921 ], [ 139.330652956, 35.728198459 ], [ 139.330653522, 35.728108326 ], [ 139.330654088, 35.728018193 ], [ 139.330654655, 35.72792806 ], [ 139.330544117, 35.727927598 ], [ 139.330433579, 35.727927136 ], [ 139.330433012, 35.728017269 ], [ 139.330322475, 35.728016807 ], [ 139.330321908, 35.72810694 ], [ 139.33021137, 35.728106478 ], [ 139.330210803, 35.728196611 ], [ 139.330100265, 35.728196149 ], [ 139.330099698, 35.728286282 ], [ 139.330099131, 35.728376415 ], [ 139.330209669, 35.728376877 ], [ 139.330209103, 35.72846701 ], [ 139.330208536, 35.728557143 ], [ 139.330207969, 35.728647276 ], [ 139.33009743, 35.728646814 ], [ 139.330096863, 35.728736947 ], [ 139.330207402, 35.728737409 ], [ 139.330317941, 35.728737871 ], [ 139.33042848, 35.728738333 ], [ 139.330539019, 35.728738795 ], [ 139.330539585, 35.728648662 ] ] ] } },
{ "type": "Feature", "properties": { "A51_001": "東京都", "A51_002": "13", "A51_003": "福生市", "A51_004": "13218", "A51_005": "0.3m以上0.5m未満" }, "geometry": { "type": "Polygon", "coordinates": [ [ [ 139.327878683, 35.729899409 ], [ 139.327989223, 35.729899873 ], [ 139.328099764, 35.729900337 ], [ 139.328210304, 35.729900802 ], [ 139.328210873, 35.729810669 ], [ 139.328321414, 35.729811133 ], [ 139.328431954, 35.729811596 ], [ 139.328432523, 35.729721464 ], [ 139.328433092, 35.729631331 ], [ 139.328322552, 35.729630867 ], [ 139.328212012, 35.729630403 ], [ 139.328211443, 35.729720536 ], [ 139.328100902, 35.729720072 ], [ 139.328100333, 35.729810204 ], [ 139.327989793, 35.72980974 ], [ 139.327879252, 35.729809276 ], [ 139.327878683, 35.729899409 ] ] ] } },
{ "type": "Feature", "properties": { "A51_001": "東京都", "A51_002": "13", "A51_003": "福生市", "A51_004": "13218", "A51_005": "0.3m以上0.5m未満" }, "geometry": { "type": "Polygon", "coordinates": [ [ [ 139.327878683, 35.729899409 ], [ 139.327768143, 35.729898945 ], [ 139.327767573, 35.729989077 ], [ 139.327878114, 35.729989542 ], [ 139.327878683, 35.729899409 ] ] ] } },
{ "type": "Feature", "properties": { "A51_001": "東京都", "A51_002": "13", "A51_003": "福生市", "A51_004": "13218", "A51_005": "0.3m以上0.5m未満" }, "geometry": { "type": "Polygon", "coordinates": [ [ [ 139.327103189, 35.730166555 ], [ 139.327103759, 35.730076422 ], [ 139.326993219, 35.730075957 ], [ 139.326992648, 35.73016609 ], [ 139.327103189, 35.730166555 ] ] ] } },
{ "type": "Feature", "properties": { "A51_001": "東京都", "A51_002": "13", "A51_003": "福生市", "A51_004": "13218", "A51_005": "0.3m以上0.5m未満" }, "geometry": { "type": "Polygon", "coordinates": [ [ [ 139.327103189, 35.730166555 ], [ 139.327102619, 35.730256688 ], [ 139.327102048, 35.730346821 ], [ 139.327212589, 35.730347286 ], [ 139.327213159, 35.730257153 ], [ 139.3273237, 35.730257618 ], [ 139.327434241, 35.730258082 ], [ 139.327544782, 35.730258547 ], [ 139.327655323, 35.730259012 ], [ 139.327655893, 35.730168879 ], [ 139.327656463, 35.730078746 ], [ 139.327545922, 35.730078281 ], [ 139.327545352, 35.730168414 ], [ 139.327434811, 35.73016795 ], [ 139.32732427, 35.730167485 ], [ 139.32721373, 35.73016702 ], [ 139.327103189, 35.730166555 ] ] ] } },
{ "type": "Feature", "properties": { "A51_001": "東京都", "A51_002": "13", "A51_003": "福生市", "A51_004": "13218", "A51_005": "0.3m以上0.5m未満" }, "geometry": { "type": "Polygon", "coordinates": [ [ [ 139.327102048, 35.730346821 ], [ 139.326991507, 35.730346356 ], [ 139.326880966, 35.73034589 ], [ 139.326880395, 35.730436023 ], [ 139.326990937, 35.730436488 ], [ 139.327101478, 35.730436954 ], [ 139.327102048, 35.730346821 ] ] ] } },
{ "type": "Feature", "properties": { "A51_001": "東京都", "A51_002": "13", "A51_003": "福生市", "A51_004": "13218", "A51_005": "0.3m以上0.5m未満" }, "geometry": { "type": "Polygon", "coordinates": [ [ [ 139.326880395, 35.730436023 ], [ 139.326769854, 35.730435558 ], [ 139.326769284, 35.730525691 ], [ 139.326879825, 35.730526156 ], [ 139.326880395, 35.730436023 ] ] ] } },
{ "type": "Feature", "properties": { "A51_001": "東京都", "A51_002": "13", "A51_003": "福生市", "A51_004": "13218", "A51_005": "0.3m以上0.5m未満" }, "geometry": { "type": "Polygon", "coordinates": [ [ [ 139.326769284, 35.730525691 ], [ 139.326658742, 35.730525225 ], [ 139.326658171, 35.730615358 ], [ 139.326768713, 35.730615824 ], [ 139.326769284, 35.730525691 ] ] ] } },
{ "type": "Feature", "properties": { "A51_001": "東京都", "A51_002": "13", "A51_003": "福生市", "A51_004": "13218", "A51_005": "0.3m以上0.5m未満" }, "geometry": { "type": "Polygon", "coordinates": [ [ [ 139.326658171, 35.730615358 ], [ 139.32654763, 35.730614893 ], [ 139.326547059, 35.730705026 ], [ 139.3266576, 35.730705491 ], [ 139.326658171, 35.730615358 ] ] ] } },
{ "type": "Feature", "properties": { "A51_001": "東京都", "A51_002": "13", "A51_003": "福生市", "A51_004": "13218", "A51_005": "0.3m以上0.5m未満" }, "geometry": { "type": "Polygon", "coordinates": [ [ [ 139.326547059, 35.730705026 ], [ 139.326436517, 35.73070456 ], [ 139.326435946, 35.730794693 ], [ 139.326546488, 35.730795159 ], [ 139.326547059, 35.730705026 ] ] ] } },
{ "type": "Feature", "properties": { "A51_001": "東京都", "A51_002": "13", "A51_003": "福生市", "A51_004": "13218", "A51_005": "0.3m以上0.5m未満" }, "geometry": { "type": "Polygon", "coordinates": [ [ [ 139.331078698, 35.730814162 ], [ 139.331079264, 35.730724029 ], [ 139.331189806, 35.73072449 ], [ 139.331190372, 35.730634357 ], [ 139.331300913, 35.730634819 ], [ 139.331411455, 35.73063528 ], [ 139.33141202, 35.730545147 ], [ 139.331412586, 35.730455014 ], [ 139.331413151, 35.730364881 ], [ 139.33130261, 35.73036442 ], [ 139.331192069, 35.730363958 ], [ 139.331192635, 35.730273826 ], [ 139.331082094, 35.730273364 ], [ 139.330971553, 35.730272903 ], [ 139.330861012, 35.730272441 ], [ 139.330750471, 35.730271979 ], [ 139.33063993, 35.730271518 ], [ 139.330529389, 35.730271056 ], [ 139.330418848, 35.730270594 ], [ 139.330308307, 35.730270132 ], [ 139.33030774, 35.730360265 ], [ 139.330307173, 35.730450398 ], [ 139.330417714, 35.73045086 ], [ 139.330528256, 35.730451322 ], [ 139.330527689, 35.730541455 ], [ 139.33063823, 35.730541917 ], [ 139.330748772, 35.730542378 ], [ 139.330859313, 35.73054284 ], [ 139.330969855, 35.730543302 ], [ 139.331080396, 35.730543763 ], [ 139.33107983, 35.730633896 ], [ 139.330969289, 35.730633435 ], [ 139.330858747, 35.730632973 ], [ 139.330858181, 35.730723106 ], [ 139.330857615, 35.730813239 ], [ 139.330968157, 35.730813701 ], [ 139.331078698, 35.730814162 ] ] ] } },
{ "type": "Feature", "properties": { "A51_001": "東京都", "A51_002": "13", "A51_003": "福生市", "A51_004": "13218", "A51_005": "0.3m以上0.5m未満" }, "geometry": { "type": "Polygon", "coordinates": [ [ [ 139.326435946, 35.730794693 ], [ 139.326325405, 35.730794227 ], [ 139.326324833, 35.73088436 ], [ 139.326435375, 35.730884826 ], [ 139.326435946, 35.730794693 ] ] ] } },
{ "type": "Feature", "properties": { "A51_001": "東京都", "A51_002": "13", "A51_003": "福生市", "A51_004": "13218", "A51_005": "0.3m以上0.5m未満" }, "geometry": { "type": "Polygon", "coordinates": [ [ [ 139.325992065, 35.731063228 ], [ 139.325992636, 35.730973095 ], [ 139.326103178, 35.730973561 ], [ 139.32610375, 35.730883428 ], [ 139.325993208, 35.730882962 ], [ 139.325882666, 35.730882496 ], [ 139.325882095, 35.730972629 ], [ 139.325771553, 35.730972163 ], [ 139.325772124, 35.73088203 ], [ 139.325661583, 35.730881564 ], [ 139.325661011, 35.730971696 ], [ 139.325660439, 35.731061829 ], [ 139.325770981, 35.731062296 ], [ 139.325881523, 35.731062762 ], [ 139.325992065, 35.731063228 ] ] ] } },
{ "type": "Feature", "properties": { "A51_001": "東京都", "A51_002": "13", "A51_003": "福生市", "A51_004": "13218", "A51_005": "0.3m以上0.5m未満" }, "geometry": { "type": "Polygon", "coordinates": [ [ [ 139.32543821, 35.731241162 ], [ 139.325548752, 35.731241629 ], [ 139.325549325, 35.731151496 ], [ 139.325549897, 35.731061363 ], [ 139.325550469, 35.73097123 ], [ 139.325439927, 35.730970763 ], [ 139.325439355, 35.731060896 ], [ 139.325438782, 35.731151029 ], [ 139.32543821, 35.731241162 ] ] ] } },
{ "type": "Feature", "properties": { "A51_001": "東京都", "A51_002": "13", "A51_003": "福生市", "A51_004": "13218", "A51_005": "0.3m以上0.5m未満" }, "geometry": { "type": "Polygon", "coordinates": [ [ [ 139.32543821, 35.731241162 ], [ 139.325327668, 35.731240695 ], [ 139.325327096, 35.731330828 ], [ 139.325437638, 35.731331295 ], [ 139.32543821, 35.731241162 ] ] ] } },
{ "type": "Feature", "properties": { "A51_001": "東京都", "A51_002": "13", "A51_003": "福生市", "A51_004": "13218", "A51_005": "0.3m以上0.5m未満" }, "geometry": { "type": "Polygon", "coordinates": [ [ [ 139.325105438, 35.731420028 ], [ 139.325215981, 35.731420494 ], [ 139.325216553, 35.731330362 ], [ 139.325106011, 35.731329895 ], [ 139.325105438, 35.731420028 ] ] ] } },
{ "type": "Feature", "properties": { "A51_001": "東京都", "A51_002": "13", "A51_003": "福生市", "A51_004": "13218", "A51_005": "0.3m以上0.5m未満" }, "geometry": { "type": "Polygon", "coordinates": [ [ [ 139.325105438, 35.731420028 ], [ 139.324994896, 35.731419561 ], [ 139.324994323, 35.731509694 ], [ 139.325104865, 35.73151016 ], [ 139.325105438, 35.731420028 ] ] ] } },
{ "type": "Feature", "properties": { "A51_001": "東京都", "A51_002": "13", "A51_003": "福生市", "A51_004": "13218", "A51_005": "0.3m以上0.5m未満" }, "geometry": { "type": "Polygon", "coordinates": [ [ [ 139.324550433, 35.731778223 ], [ 139.324551006, 35.73168809 ], [ 139.324661549, 35.731688558 ], [ 139.324662122, 35.731598425 ], [ 139.324772665, 35.731598892 ], [ 139.324883207, 35.731599359 ], [ 139.32488378, 35.731509226 ], [ 139.324773238, 35.731508759 ], [ 139.324662695, 35.731508292 ], [ 139.324552152, 35.731507825 ], [ 139.32444161, 35.731507357 ], [ 139.324441036, 35.73159749 ], [ 139.324330494, 35.731597022 ], [ 139.324219951, 35.731596555 ], [ 139.324219377, 35.731686688 ], [ 139.32432992, 35.731687155 ], [ 139.324440463, 35.731687623 ], [ 139.32443989, 35.731777756 ], [ 139.324550433, 35.731778223 ] ] ] } },
{ "type": "Feature", "properties": { "A51_001": "東京都", "A51_002": "13", "A51_003": "福生市", "A51_004": "13218", "A51_005": "0.3m以上0.5m未満" }, "geometry": { "type": "Polygon", "coordinates": [ [ [ 139.32388086, 35.732766878 ], [ 139.323991405, 35.732767346 ], [ 139.323991979, 35.732677213 ], [ 139.324102523, 35.732677681 ], [ 139.324103097, 35.732587548 ], [ 139.32410367, 35.732497416 ], [ 139.324214214, 35.732497883 ], [ 139.324324758, 35.732498351 ], [ 139.324325332, 35.732408218 ], [ 139.324325905, 35.732318085 ], [ 139.324436449, 35.732318553 ], [ 139.324437023, 35.73222842 ], [ 139.324437596, 35.732138287 ], [ 139.324327053, 35.73213782 ], [ 139.324326479, 35.732227952 ], [ 139.324215935, 35.732227485 ], [ 139.324215362, 35.732317618 ], [ 139.324104818, 35.73231715 ], [ 139.324104244, 35.732407283 ], [ 139.3239937, 35.732406815 ], [ 139.323993126, 35.732496948 ], [ 139.323882582, 35.73249648 ], [ 139.323882008, 35.732586612 ], [ 139.323881434, 35.732676745 ], [ 139.32388086, 35.732766878 ] ] ] } },
{ "type": "Feature", "properties": { "A51_001": "東京都", "A51_002": "13", "A51_003": "福生市", "A51_004": "13218", "A51_005": "0.3m以上0.5m未満" }, "geometry": { "type": "Polygon", "coordinates": [ [ [ 139.32388086, 35.732766878 ], [ 139.323770316, 35.73276641 ], [ 139.323659772, 35.732765942 ], [ 139.323659197, 35.732856075 ], [ 139.323548653, 35.732855606 ], [ 139.323548078, 35.732945739 ], [ 139.323437534, 35.732945271 ], [ 139.323436959, 35.733035404 ], [ 139.323326415, 35.733034935 ], [ 139.32321587, 35.733034466 ], [ 139.323215295, 35.733124599 ], [ 139.32310475, 35.733124131 ], [ 139.322994206, 35.733123662 ], [ 139.32299363, 35.733213795 ], [ 139.322883086, 35.733213326 ], [ 139.32288251, 35.733303458 ], [ 139.322771965, 35.733302989 ], [ 139.32277139, 35.733393122 ], [ 139.322660845, 35.733392653 ], [ 139.3225503, 35.733392184 ], [ 139.322439754, 35.733391715 ], [ 139.322329209, 35.733391245 ], [ 139.322328633, 35.733481378 ], [ 139.322439179, 35.733481847 ], [ 139.322549724, 35.733482317 ], [ 139.322660269, 35.733482786 ], [ 139.322770815, 35.733483255 ], [ 139.32288136, 35.733483724 ], [ 139.322881935, 35.733393591 ], [ 139.32299248, 35.73339406 ], [ 139.323103026, 35.733394529 ], [ 139.3231036, 35.733304396 ], [ 139.323214146, 35.733304865 ], [ 139.32321472, 35.733214732 ], [ 139.323325265, 35.733215201 ], [ 139.32343581, 35.733215669 ], [ 139.323436385, 35.733125536 ], [ 139.32354693, 35.733126005 ], [ 139.323657474, 35.733126473 ], [ 139.323658049, 35.73303634 ], [ 139.323768593, 35.733036809 ], [ 139.323769168, 35.732946676 ], [ 139.323879712, 35.732947144 ], [ 139.323880286, 35.732857011 ], [ 139.32388086, 35.732766878 ] ] ] } },
{ "type": "Feature", "properties": { "A51_001": "東京都", "A51_002": "13", "A51_003": "福生市", "A51_004": "13218", "A51_005": "0.3m以上0.5m未満" }, "geometry": { "type": "Polygon", "coordinates": [ [ [ 139.322545695, 35.734113246 ], [ 139.322546271, 35.734023114 ], [ 139.322546846, 35.733932981 ], [ 139.3224363, 35.733932511 ], [ 139.322325754, 35.733932042 ], [ 139.322325179, 35.734022175 ], [ 139.322435725, 35.734022644 ], [ 139.322435149, 35.734112777 ], [ 139.322545695, 35.734113246 ] ] ] } },
{ "type": "Feature", "properties": { "A51_001": "東京都", "A51_002": "13", "A51_003": "福生市", "A51_004": "13218", "A51_005": "0.3m以上0.5m未満" }, "geometry": { "type": "Polygon", "coordinates": [ [ [ 139.322545695, 35.734113246 ], [ 139.322545119, 35.734203379 ], [ 139.322655666, 35.734203848 ], [ 139.322656241, 35.734113716 ], [ 139.322545695, 35.734113246 ] ] ] } },
{ "type": "Feature", "properties": { "A51_001": "東京都", "A51_002": "13", "A51_003": "福生市", "A51_004": "13218", "A51_005": "0.3m以上0.5m未満" }, "geometry": { "type": "Polygon", "coordinates": [ [ [ 139.320994585, 35.734647463 ], [ 139.321105132, 35.734647934 ], [ 139.321105709, 35.734557801 ], [ 139.321216256, 35.734558271 ], [ 139.321216833, 35.734468139 ], [ 139.321327379, 35.734468609 ], [ 139.321327956, 35.734378476 ], [ 139.321438503, 35.734378947 ], [ 139.32143908, 35.734288814 ], [ 139.321549626, 35.734289284 ], [ 139.321550203, 35.734199151 ], [ 139.32155078, 35.734109019 ], [ 139.321661326, 35.734109489 ], [ 139.321661902, 35.734019356 ], [ 139.321772448, 35.734019826 ], [ 139.321773025, 35.733929693 ], [ 139.321773601, 35.73383956 ], [ 139.321774178, 35.733749428 ], [ 139.321774754, 35.733659295 ], [ 139.32177533, 35.733569162 ], [ 139.321664785, 35.733568692 ], [ 139.32155424, 35.733568222 ], [ 139.321443694, 35.733567752 ], [ 139.321333149, 35.733567281 ], [ 139.321332572, 35.733657414 ], [ 139.321443117, 35.733657884 ], [ 139.321553663, 35.733658355 ], [ 139.321553086, 35.733748487 ], [ 139.32155251, 35.73383862 ], [ 139.321551933, 35.733928753 ], [ 139.321441387, 35.733928283 ], [ 139.32144081, 35.734018416 ], [ 139.321330264, 35.734017945 ], [ 139.321329687, 35.734108078 ], [ 139.32132911, 35.734198211 ], [ 139.321328533, 35.734288344 ], [ 139.321217987, 35.734287873 ], [ 139.321107441, 35.734287403 ], [ 139.321106863, 35.734377535 ], [ 139.320996317, 35.734377065 ], [ 139.320995739, 35.734467197 ], [ 139.320995162, 35.73455733 ], [ 139.320994585, 35.734647463 ] ] ] } },
{ "type": "Feature", "properties": { "A51_001": "東京都", "A51_002": "13", "A51_003": "福生市", "A51_004": "13218", "A51_005": "0.3m以上0.5m未満" }, "geometry": { "type": "Polygon", "coordinates": [ [ [ 139.322545119, 35.734203379 ], [ 139.322434573, 35.73420291 ], [ 139.322433997, 35.734293043 ], [ 139.322433422, 35.734383175 ], [ 139.322432846, 35.734473308 ], [ 139.322322299, 35.734472839 ], [ 139.322321724, 35.734562972 ], [ 139.322211177, 35.734562502 ], [ 139.322210601, 35.734652635 ], [ 139.322210025, 35.734742768 ], [ 139.322320572, 35.734743237 ], [ 139.322431119, 35.734743707 ], [ 139.322431695, 35.734653574 ], [ 139.32243227, 35.734563441 ], [ 139.322542817, 35.73456391 ], [ 139.322543393, 35.734473778 ], [ 139.322543968, 35.734383645 ], [ 139.322544544, 35.734293512 ], [ 139.322545119, 35.734203379 ] ] ] } },
{ "type": "Feature", "properties": { "A51_001": "東京都", "A51_002": "13", "A51_003": "福生市", "A51_004": "13218", "A51_005": "0.3m以上0.5m未満" }, "geometry": { "type": "Polygon", "coordinates": [ [ [ 139.322210025, 35.734742768 ], [ 139.322099478, 35.734742298 ], [ 139.322098902, 35.734832431 ], [ 139.322209449, 35.7348329 ], [ 139.322210025, 35.734742768 ] ] ] } },
{ "type": "Feature", "properties": { "A51_001": "東京都", "A51_002": "13", "A51_003": "福生市", "A51_004": "13218", "A51_005": "0.3m以上0.5m未満" }, "geometry": { "type": "Polygon", "coordinates": [ [ [ 139.323205523, 35.734656857 ], [ 139.323094976, 35.734656388 ], [ 139.323094401, 35.734746521 ], [ 139.323093826, 35.734836654 ], [ 139.323093251, 35.734926787 ], [ 139.323203799, 35.734927255 ], [ 139.323204373, 35.734837123 ], [ 139.323204948, 35.73474699 ], [ 139.323205523, 35.734656857 ] ] ] } },
{ "type": "Feature", "properties": { "A51_001": "東京都", "A51_002": "13", "A51_003": "福生市", "A51_004": "13218", "A51_005": "0.3m以上0.5m未満" }, "geometry": { "type": "Polygon", "coordinates": [ [ [ 139.320994585, 35.734647463 ], [ 139.320884038, 35.734646992 ], [ 139.32088346, 35.734737125 ], [ 139.320772913, 35.734736654 ], [ 139.320772336, 35.734826787 ], [ 139.320771758, 35.73491692 ], [ 139.320771181, 35.735007052 ], [ 139.320881728, 35.735007523 ], [ 139.320882306, 35.73491739 ], [ 139.320992853, 35.734917861 ], [ 139.32099343, 35.734827728 ], [ 139.320994007, 35.734737596 ], [ 139.320994585, 35.734647463 ] ] ] } },
{ "type": "Feature", "properties": { "A51_001": "東京都", "A51_002": "13", "A51_003": "福生市", "A51_004": "13218", "A51_005": "0.3m以上0.5m未満" }, "geometry": { "type": "Polygon", "coordinates": [ [ [ 139.320771181, 35.735007052 ], [ 139.320660633, 35.735006581 ], [ 139.320660056, 35.735096714 ], [ 139.320659478, 35.735186847 ], [ 139.320770025, 35.735187318 ], [ 139.320770603, 35.735097185 ], [ 139.320771181, 35.735007052 ] ] ] } },
{ "type": "Feature", "properties": { "A51_001": "東京都", "A51_002": "13", "A51_003": "福生市", "A51_004": "13218", "A51_005": "0.3m以上0.5m未満" }, "geometry": { "type": "Polygon", "coordinates": [ [ [ 139.323534292, 35.735108927 ], [ 139.323534866, 35.735018794 ], [ 139.323424319, 35.735018325 ], [ 139.323423744, 35.735108458 ], [ 139.323313196, 35.73510799 ], [ 139.323312622, 35.735198122 ], [ 139.323312047, 35.735288255 ], [ 139.323422595, 35.735288724 ], [ 139.323533143, 35.735289192 ], [ 139.323533717, 35.735199059 ], [ 139.323534292, 35.735108927 ] ] ] } },
{ "type": "Feature", "properties": { "A51_001": "東京都", "A51_002": "13", "A51_003": "福生市", "A51_004": "13218", "A51_005": "0.3m以上0.5m未満" }, "geometry": { "type": "Polygon", "coordinates": [ [ [ 139.320659478, 35.735186847 ], [ 139.32054893, 35.735186376 ], [ 139.320438383, 35.735185905 ], [ 139.320437805, 35.735276037 ], [ 139.320437227, 35.73536617 ], [ 139.320436649, 35.735456303 ], [ 139.320547197, 35.735456774 ], [ 139.320547774, 35.735366641 ], [ 139.320658322, 35.735367112 ], [ 139.3206589, 35.73527698 ], [ 139.320659478, 35.735186847 ] ] ] } },
{ "type": "Feature", "properties": { "A51_001": "東京都", "A51_002": "13", "A51_003": "福生市", "A51_004": "13218", "A51_005": "0.3m以上0.5m未満" }, "geometry": { "type": "Polygon", "coordinates": [ [ [ 139.322098902, 35.734832431 ], [ 139.321988354, 35.734831961 ], [ 139.321987778, 35.734922094 ], [ 139.321877231, 35.734921624 ], [ 139.321876655, 35.735011757 ], [ 139.321876078, 35.735101889 ], [ 139.321875502, 35.735192022 ], [ 139.321764954, 35.735191552 ], [ 139.321764378, 35.735281685 ], [ 139.321763801, 35.735371818 ], [ 139.321653253, 35.735371348 ], [ 139.321652677, 35.73546148 ], [ 139.3216521, 35.735551613 ], [ 139.321651524, 35.735641746 ], [ 139.321762072, 35.735642216 ], [ 139.321762648, 35.735552083 ], [ 139.321763225, 35.73546195 ], [ 139.321873773, 35.73546242 ], [ 139.321874349, 35.735372288 ], [ 139.321874926, 35.735282155 ], [ 139.321985473, 35.735282625 ], [ 139.32198605, 35.735192492 ], [ 139.321986626, 35.735102359 ], [ 139.321987202, 35.735012226 ], [ 139.322097749, 35.735012696 ], [ 139.322098326, 35.734922563 ], [ 139.322098902, 35.734832431 ] ] ] } },
{ "type": "Feature", "properties": { "A51_001": "東京都", "A51_002": "13", "A51_003": "福生市", "A51_004": "13218", "A51_005": "0.3m以上0.5m未満" }, "geometry": { "type": "Polygon", "coordinates": [ [ [ 139.321651524, 35.735641746 ], [ 139.321540975, 35.735641276 ], [ 139.321540399, 35.735731408 ], [ 139.321539822, 35.735821541 ], [ 139.321429273, 35.735821071 ], [ 139.321428696, 35.735911204 ], [ 139.32142812, 35.736001336 ], [ 139.321427543, 35.736091469 ], [ 139.321316994, 35.736090999 ], [ 139.321316417, 35.736181132 ], [ 139.321205868, 35.736180661 ], [ 139.321205291, 35.736270794 ], [ 139.321204713, 35.736360927 ], [ 139.321204136, 35.736451059 ], [ 139.321093587, 35.736450589 ], [ 139.32109301, 35.736540721 ], [ 139.321203559, 35.736541192 ], [ 139.321314109, 35.736541663 ], [ 139.321314686, 35.73645153 ], [ 139.321315263, 35.736361397 ], [ 139.321425812, 35.736361867 ], [ 139.321426389, 35.736271735 ], [ 139.321426966, 35.736181602 ], [ 139.321537515, 35.736182072 ], [ 139.321538092, 35.736091939 ], [ 139.321538668, 35.736001807 ], [ 139.321649217, 35.736002277 ], [ 139.321649794, 35.735912144 ], [ 139.32165037, 35.735822011 ], [ 139.321650947, 35.735731879 ], [ 139.321651524, 35.735641746 ] ] ] } },
{ "type": "Feature", "properties": { "A51_001": "東京都", "A51_002": "13", "A51_003": "福生市", "A51_004": "13218", "A51_005": "0.3m以上0.5m未満" }, "geometry": { "type": "Polygon", "coordinates": [ [ [ 139.32109301, 35.736540721 ], [ 139.32098246, 35.736540251 ], [ 139.320981883, 35.736630383 ], [ 139.320981305, 35.736720516 ], [ 139.320980728, 35.736810649 ], [ 139.320870178, 35.736810178 ], [ 139.320869601, 35.736900311 ], [ 139.320869023, 35.736990444 ], [ 139.320868445, 35.737080576 ], [ 139.320757895, 35.737080105 ], [ 139.320757318, 35.737170238 ], [ 139.320867868, 35.737170709 ], [ 139.320978418, 35.73717118 ], [ 139.320978996, 35.737081047 ], [ 139.321089546, 35.737081518 ], [ 139.321090123, 35.736991385 ], [ 139.321090701, 35.736901252 ], [ 139.321091278, 35.73681112 ], [ 139.321091855, 35.736720987 ], [ 139.321092432, 35.736630854 ], [ 139.32109301, 35.736540721 ] ] ] } },
{ "type": "Feature", "properties": { "A51_001": "東京都", "A51_002": "13", "A51_003": "福生市", "A51_004": "13218", "A51_005": "0.3m以上0.5m未満" }, "geometry": { "type": "Polygon", "coordinates": [ [ [ 139.32031396, 35.737348619 ], [ 139.320203409, 35.737348147 ], [ 139.320202831, 35.73743828 ], [ 139.320313382, 35.737438752 ], [ 139.32031396, 35.737348619 ] ] ] } },
{ "type": "Feature", "properties": { "A51_001": "東京都", "A51_002": "13", "A51_003": "福生市", "A51_004": "13218", "A51_005": "0.3m以上0.5m未満" }, "geometry": { "type": "Polygon", "coordinates": [ [ [ 139.320645612, 35.737350033 ], [ 139.320535061, 35.737349561 ], [ 139.320534483, 35.737439694 ], [ 139.320645034, 35.737440165 ], [ 139.320755585, 35.737440636 ], [ 139.320866135, 35.737441107 ], [ 139.320866713, 35.737350975 ], [ 139.320756162, 35.737350504 ], [ 139.320645612, 35.737350033 ] ] ] } },
{ "type": "Feature", "properties": { "A51_001": "東京都", "A51_002": "13", "A51_003": "福生市", "A51_004": "13218", "A51_005": "0.3m以上0.5m未満" }, "geometry": { "type": "Polygon", "coordinates": [ [ [ 139.319869443, 35.737707263 ], [ 139.319758892, 35.737706792 ], [ 139.319758313, 35.737796924 ], [ 139.319868864, 35.737797396 ], [ 139.319868285, 35.737887529 ], [ 139.319867707, 35.737977661 ], [ 139.319978258, 35.737978133 ], [ 139.32008881, 35.737978605 ], [ 139.320089388, 35.737888472 ], [ 139.320089966, 35.737798339 ], [ 139.319979415, 35.737797868 ], [ 139.319979994, 35.737707735 ], [ 139.319869443, 35.737707263 ] ] ] } },
{ "type": "Feature", "properties": { "A51_001": "東京都", "A51_002": "13", "A51_003": "福生市", "A51_004": "13218", "A51_005": "0.3m以上0.5m未満" }, "geometry": { "type": "Polygon", "coordinates": [ [ [ 139.319976522, 35.738248531 ], [ 139.319977101, 35.738158399 ], [ 139.319866549, 35.738157927 ], [ 139.319865971, 35.73824806 ], [ 139.319755419, 35.738247588 ], [ 139.31975484, 35.73833772 ], [ 139.319865392, 35.738338192 ], [ 139.319975944, 35.738338664 ], [ 139.319976522, 35.738248531 ] ] ] } },
{ "type": "Feature", "properties": { "A51_001": "東京都", "A51_002": "13", "A51_003": "福生市", "A51_004": "13218", "A51_005": "0.3m以上0.5m未満" }, "geometry": { "type": "Polygon", "coordinates": [ [ [ 139.319751367, 35.738878517 ], [ 139.319640814, 35.738878045 ], [ 139.319640235, 35.738968177 ], [ 139.319639656, 35.73905831 ], [ 139.319639077, 35.739148443 ], [ 139.319749631, 35.739148915 ], [ 139.319750209, 35.739058782 ], [ 139.319750788, 35.738968649 ], [ 139.319751367, 35.738878517 ] ] ] } },
{ "type": "Feature", "properties": { "A51_001": "東京都", "A51_002": "13", "A51_003": "福生市", "A51_004": "13218", "A51_005": "0.3m以上0.5m未満" }, "geometry": { "type": "Polygon", "coordinates": [ [ [ 139.338317565, 35.74003796 ], [ 139.338318123, 35.739947827 ], [ 139.338207568, 35.739947372 ], [ 139.33820701, 35.740037505 ], [ 139.338096455, 35.74003705 ], [ 139.338095897, 35.740127183 ], [ 139.338095339, 35.740217316 ], [ 139.338205894, 35.740217771 ], [ 139.338316449, 35.740218226 ], [ 139.338427004, 35.740218681 ], [ 139.338427561, 35.740128548 ], [ 139.338428119, 35.740038415 ], [ 139.338317565, 35.74003796 ] ] ] } },
{ "type": "Feature", "properties": { "A51_001": "東京都", "A51_002": "13", "A51_003": "福生市", "A51_004": "13218", "A51_005": "0.3m以上0.5m未満" }, "geometry": { "type": "Polygon", "coordinates": [ [ [ 139.319041097, 35.746176426 ], [ 139.319041676, 35.746086293 ], [ 139.319042256, 35.74599616 ], [ 139.318931694, 35.745995688 ], [ 139.318931114, 35.74608582 ], [ 139.318820551, 35.746085348 ], [ 139.318819971, 35.74617548 ], [ 139.318709408, 35.746175007 ], [ 139.318708828, 35.74626514 ], [ 139.318708248, 35.746355272 ], [ 139.318818811, 35.746355745 ], [ 139.318929374, 35.746356218 ], [ 139.319039937, 35.746356691 ], [ 139.319040517, 35.746266558 ], [ 139.319041097, 35.746176426 ] ] ] } },
{ "type": "Feature", "properties": { "A51_001": "東京都", "A51_002": "13", "A51_003": "福生市", "A51_004": "13218", "A51_005": "0.3m以上0.5m未満" }, "geometry": { "type": "Polygon", "coordinates": [ [ [ 139.318702446, 35.747256598 ], [ 139.318703026, 35.747166465 ], [ 139.318813591, 35.747166938 ], [ 139.318814171, 35.747076806 ], [ 139.318814751, 35.746986673 ], [ 139.318704187, 35.7469862 ], [ 139.318593623, 35.746985727 ], [ 139.318483059, 35.746985254 ], [ 139.318372495, 35.746984781 ], [ 139.318371915, 35.747074913 ], [ 139.318371334, 35.747165046 ], [ 139.318370753, 35.747255178 ], [ 139.318481318, 35.747255652 ], [ 139.318591882, 35.747256125 ], [ 139.318702446, 35.747256598 ] ] ] } },
{ "type": "Feature", "properties": { "A51_001": "東京都", "A51_002": "13", "A51_003": "福生市", "A51_004": "13218", "A51_005": "0.3m以上0.5m未満" }, "geometry": { "type": "Polygon", "coordinates": [ [ [ 139.322565864, 35.748264548 ], [ 139.322455298, 35.748264079 ], [ 139.322454722, 35.748354211 ], [ 139.322565288, 35.748354681 ], [ 139.322565864, 35.748264548 ] ] ] } },
{ "type": "Feature", "properties": { "A51_001": "東京都", "A51_002": "13", "A51_003": "福生市", "A51_004": "13218", "A51_005": "0.3m以上0.5m未満" }, "geometry": { "type": "Polygon", "coordinates": [ [ [ 139.323557507, 35.748809565 ], [ 139.32344694, 35.748809096 ], [ 139.323446366, 35.748899229 ], [ 139.323556932, 35.748899697 ], [ 139.323557507, 35.748809565 ] ] ] } },
{ "type": "Feature", "properties": { "A51_001": "東京都", "A51_002": "13", "A51_003": "福生市", "A51_004": "13218", "A51_005": "0.5m以上1m未満" }, "geometry": { "type": "Polygon", "coordinates": [ [ [ 139.330478896, 35.720716492 ], [ 139.330479462, 35.720626359 ], [ 139.330480029, 35.720536226 ], [ 139.330480595, 35.720446093 ], [ 139.330370067, 35.720445631 ], [ 139.330370634, 35.720355498 ], [ 139.3303712, 35.720265365 ], [ 139.330371767, 35.720175231 ], [ 139.330372333, 35.720085098 ], [ 139.3303729, 35.719994965 ], [ 139.330262373, 35.719994503 ], [ 139.330261806, 35.720084636 ], [ 139.33026124, 35.720174769 ], [ 139.330260673, 35.720264903 ], [ 139.330260107, 35.720355036 ], [ 139.33025954, 35.720445169 ], [ 139.330258973, 35.720535302 ], [ 139.330369501, 35.720535764 ], [ 139.330368934, 35.720625897 ], [ 139.330368368, 35.72071603 ], [ 139.330478896, 35.720716492 ] ] ] } },
{ "type": "Feature", "properties": { "A51_001": "東京都", "A51_002": "13", "A51_003": "福生市", "A51_004": "13218", "A51_005": "0.5m以上1m未満" }, "geometry": { "type": "Polygon", "coordinates": [ [ [ 139.330142212, 35.721526304 ], [ 139.330031683, 35.721525842 ], [ 139.330031116, 35.721615975 ], [ 139.330141645, 35.721616437 ], [ 139.330142212, 35.721526304 ] ] ] } },
{ "type": "Feature", "properties": { "A51_001": "東京都", "A51_002": "13", "A51_003": "福生市", "A51_004": "13218", "A51_005": "0.5m以上1m未満" }, "geometry": { "type": "Polygon", "coordinates": [ [ [ 139.330478896, 35.720716492 ], [ 139.330478329, 35.720806625 ], [ 139.330477763, 35.720896758 ], [ 139.330477197, 35.720986891 ], [ 139.33047663, 35.721077024 ], [ 139.330476064, 35.721167158 ], [ 139.330365536, 35.721166696 ], [ 139.330364969, 35.721256829 ], [ 139.330364403, 35.721346962 ], [ 139.330363836, 35.721437095 ], [ 139.33036327, 35.721527228 ], [ 139.330362703, 35.721617361 ], [ 139.330473232, 35.721617823 ], [ 139.330473798, 35.72152769 ], [ 139.330474365, 35.721437557 ], [ 139.330474931, 35.721347424 ], [ 139.330475498, 35.721257291 ], [ 139.330586026, 35.721257752 ], [ 139.330586592, 35.721167619 ], [ 139.330587159, 35.721077486 ], [ 139.330587725, 35.720987353 ], [ 139.330588291, 35.72089722 ], [ 139.330588857, 35.720807087 ], [ 139.330589424, 35.720716954 ], [ 139.330478896, 35.720716492 ] ] ] } },
{ "type": "Feature", "properties": { "A51_001": "東京都", "A51_002": "13", "A51_003": "福生市", "A51_004": "13218", "A51_005": "0.5m以上1m未満" }, "geometry": { "type": "Polygon", "coordinates": [ [ [ 139.330362703, 35.721617361 ], [ 139.330252174, 35.721616899 ], [ 139.330251607, 35.721707032 ], [ 139.330362137, 35.721707494 ], [ 139.330362703, 35.721617361 ] ] ] } },
{ "type": "Feature", "properties": { "A51_001": "東京都", "A51_002": "13", "A51_003": "福生市", "A51_004": "13218", "A51_005": "0.5m以上1m未満" }, "geometry": { "type": "Polygon", "coordinates": [ [ [ 139.329550412, 35.727743171 ], [ 139.32955098, 35.727653038 ], [ 139.329661517, 35.727653501 ], [ 139.329662084, 35.727563368 ], [ 139.329772622, 35.727563831 ], [ 139.329883159, 35.727564293 ], [ 139.329993696, 35.727564756 ], [ 139.329994263, 35.727474623 ], [ 139.3301048, 35.727475085 ], [ 139.330215337, 35.727475547 ], [ 139.330215904, 35.727385414 ], [ 139.330216471, 35.727295281 ], [ 139.330217038, 35.727205148 ], [ 139.330106501, 35.727204686 ], [ 139.330107068, 35.727114553 ], [ 139.330107635, 35.72702442 ], [ 139.330108202, 35.726934287 ], [ 139.330108769, 35.726844154 ], [ 139.329998232, 35.726843692 ], [ 139.329998799, 35.726753559 ], [ 139.330109336, 35.726754021 ], [ 139.330109903, 35.726663888 ], [ 139.330110469, 35.726573755 ], [ 139.330111036, 35.726483622 ], [ 139.330111603, 35.726393489 ], [ 139.330222139, 35.726393951 ], [ 139.330222706, 35.726303818 ], [ 139.330223272, 35.726213685 ], [ 139.330223839, 35.726123552 ], [ 139.330334374, 35.726124014 ], [ 139.330334941, 35.726033881 ], [ 139.330335508, 35.725943748 ], [ 139.330336074, 35.725853615 ], [ 139.330336641, 35.725763482 ], [ 139.330447176, 35.725763944 ], [ 139.330447742, 35.725673811 ], [ 139.330448309, 35.725583678 ], [ 139.330448875, 35.725493545 ], [ 139.330449442, 35.725403412 ], [ 139.330559976, 35.725403874 ], [ 139.330560542, 35.725313741 ], [ 139.330561109, 35.725223608 ], [ 139.330561675, 35.725133475 ], [ 139.330562241, 35.725043342 ], [ 139.330451708, 35.72504288 ], [ 139.330452274, 35.724952747 ], [ 139.330452841, 35.724862614 ], [ 139.330453407, 35.724772481 ], [ 139.330453974, 35.724682347 ], [ 139.33034344, 35.724681885 ], [ 139.330344007, 35.724591752 ], [ 139.330344573, 35.724501619 ], [ 139.33034514, 35.724411486 ], [ 139.330234607, 35.724411024 ], [ 139.330235174, 35.724320891 ], [ 139.330235741, 35.724230758 ], [ 139.330236307, 35.724140625 ], [ 139.330236874, 35.724050492 ], [ 139.330237441, 35.723960359 ], [ 139.330238007, 35.723870226 ], [ 139.330238574, 35.723780093 ], [ 139.330349106, 35.723780555 ], [ 139.330349673, 35.723690422 ], [ 139.330239141, 35.72368996 ], [ 139.330239707, 35.723599827 ], [ 139.330240274, 35.723509694 ], [ 139.330240841, 35.723419561 ], [ 139.330241407, 35.723329428 ], [ 139.330241974, 35.723239295 ], [ 139.330242541, 35.723149161 ], [ 139.330243108, 35.723059028 ], [ 139.330243674, 35.722968895 ], [ 139.330133143, 35.722968433 ], [ 139.330022612, 35.722967971 ], [ 139.330022045, 35.723058104 ], [ 139.330021479, 35.723148237 ], [ 139.330020912, 35.72323837 ], [ 139.330020345, 35.723328503 ], [ 139.330019778, 35.723418636 ], [ 139.330019211, 35.723508769 ], [ 139.330018644, 35.723598902 ], [ 139.330018077, 35.723689035 ], [ 139.33001751, 35.723779168 ], [ 139.330016943, 35.723869302 ], [ 139.330016376, 35.723959435 ], [ 139.330015809, 35.724049568 ], [ 139.330015242, 35.724139701 ], [ 139.330014675, 35.724229834 ], [ 139.330014108, 35.724319967 ], [ 139.330013541, 35.7244101 ], [ 139.329903008, 35.724409637 ], [ 139.329902441, 35.724499771 ], [ 139.330012974, 35.724500233 ], [ 139.330012407, 35.724590366 ], [ 139.330122941, 35.724590828 ], [ 139.330122374, 35.724680961 ], [ 139.330121807, 35.724771094 ], [ 139.33012124, 35.724861227 ], [ 139.330120673, 35.72495136 ], [ 139.330120106, 35.725041493 ], [ 139.330119539, 35.725131626 ], [ 139.330118973, 35.725221759 ], [ 139.330118406, 35.725311893 ], [ 139.330117839, 35.725402026 ], [ 139.330117272, 35.725492159 ], [ 139.330116705, 35.725582292 ], [ 139.330116138, 35.725672425 ], [ 139.330005604, 35.725671962 ], [ 139.330005037, 35.725762095 ], [ 139.33000447, 35.725852228 ], [ 139.329893935, 35.725851766 ], [ 139.329893368, 35.725941899 ], [ 139.3298928, 35.726032032 ], [ 139.329892233, 35.726122165 ], [ 139.329891666, 35.726212298 ], [ 139.329891099, 35.726302431 ], [ 139.329780564, 35.726301969 ], [ 139.329779996, 35.726392102 ], [ 139.329779429, 35.726482235 ], [ 139.329668893, 35.726481772 ], [ 139.329668326, 35.726571905 ], [ 139.329667758, 35.726662038 ], [ 139.329667191, 35.726752171 ], [ 139.329666624, 35.726842304 ], [ 139.329666056, 35.726932437 ], [ 139.329665489, 35.72702257 ], [ 139.329664921, 35.727112703 ], [ 139.329775458, 35.727113166 ], [ 139.329774891, 35.727203299 ], [ 139.329774324, 35.727293432 ], [ 139.329773756, 35.727383565 ], [ 139.329663219, 35.727383102 ], [ 139.329552682, 35.727382639 ], [ 139.329552115, 35.727472772 ], [ 139.329441578, 35.72747231 ], [ 139.32933104, 35.727471847 ], [ 139.329220503, 35.727471384 ], [ 139.329219935, 35.727561517 ], [ 139.329219367, 35.72765165 ], [ 139.32910883, 35.727651186 ], [ 139.329108262, 35.727741319 ], [ 139.3292188, 35.727741782 ], [ 139.329329337, 35.727742246 ], [ 139.329439875, 35.727742708 ], [ 139.329550412, 35.727743171 ] ] ] } },
{ "type": "Feature", "properties": { "A51_001": "東京都", "A51_002": "13", "A51_003": "福生市", "A51_004": "13218", "A51_005": "0.5m以上1m未満" }, "geometry": { "type": "Polygon", "coordinates": [ [ [ 139.329325362, 35.728373176 ], [ 139.32932593, 35.728283043 ], [ 139.329436468, 35.728283506 ], [ 139.329547007, 35.728283969 ], [ 139.329547574, 35.728193836 ], [ 139.329548142, 35.728103703 ], [ 139.32965868, 35.728104166 ], [ 139.329769218, 35.728104629 ], [ 139.329769785, 35.728014496 ], [ 139.329659247, 35.728014033 ], [ 139.329659815, 35.7279239 ], [ 139.329549277, 35.727923437 ], [ 139.329438739, 35.727922974 ], [ 139.329328201, 35.727922512 ], [ 139.329217664, 35.727922048 ], [ 139.329217096, 35.728012181 ], [ 139.329106558, 35.728011718 ], [ 139.32899602, 35.728011255 ], [ 139.328995452, 35.728101388 ], [ 139.328994884, 35.728191521 ], [ 139.328994315, 35.728281654 ], [ 139.328883777, 35.728281191 ], [ 139.328883209, 35.728371324 ], [ 139.328993747, 35.728371787 ], [ 139.329104286, 35.72837225 ], [ 139.329214824, 35.728372713 ], [ 139.329325362, 35.728373176 ] ] ] } },
{ "type": "Feature", "properties": { "A51_001": "東京都", "A51_002": "13", "A51_003": "福生市", "A51_004": "13218", "A51_005": "0.5m以上1m未満" }, "geometry": { "type": "Polygon", "coordinates": [ [ [ 139.327103189, 35.730166555 ], [ 139.32721373, 35.73016702 ], [ 139.32732427, 35.730167485 ], [ 139.327434811, 35.73016795 ], [ 139.327545352, 35.730168414 ], [ 139.327545922, 35.730078281 ], [ 139.327656463, 35.730078746 ], [ 139.327657032, 35.729988613 ], [ 139.327767573, 35.729989077 ], [ 139.327768143, 35.729898945 ], [ 139.327878683, 35.729899409 ], [ 139.327879252, 35.729809276 ], [ 139.327989793, 35.72980974 ], [ 139.328100333, 35.729810204 ], [ 139.328100902, 35.729720072 ], [ 139.328211443, 35.729720536 ], [ 139.328212012, 35.729630403 ], [ 139.328322552, 35.729630867 ], [ 139.328433092, 35.729631331 ], [ 139.328433661, 35.729541198 ], [ 139.328544201, 35.729541661 ], [ 139.328544769, 35.729451528 ], [ 139.328545338, 35.729361395 ], [ 139.328545907, 35.729271263 ], [ 139.328546476, 35.72918113 ], [ 139.328435936, 35.729180666 ], [ 139.328435367, 35.729270799 ], [ 139.328324828, 35.729270335 ], [ 139.328324259, 35.729360468 ], [ 139.328213719, 35.729360004 ], [ 139.32821315, 35.729450137 ], [ 139.32810261, 35.729449673 ], [ 139.328102041, 35.729539806 ], [ 139.327991501, 35.729539341 ], [ 139.327990932, 35.729629474 ], [ 139.327880391, 35.72962901 ], [ 139.327769851, 35.729628546 ], [ 139.327769282, 35.729718679 ], [ 139.327658742, 35.729718214 ], [ 139.327658172, 35.729808347 ], [ 139.327547632, 35.729807883 ], [ 139.327437091, 35.729807418 ], [ 139.327436521, 35.729897551 ], [ 139.327325981, 35.729897086 ], [ 139.327325411, 35.729987219 ], [ 139.32721487, 35.729986754 ], [ 139.32710433, 35.729986289 ], [ 139.327103759, 35.730076422 ], [ 139.327103189, 35.730166555 ] ] ] } },
{ "type": "Feature", "properties": { "A51_001": "東京都", "A51_002": "13", "A51_003": "福生市", "A51_004": "13218", "A51_005": "0.5m以上1m未満" }, "geometry": { "type": "Polygon", "coordinates": [ [ [ 139.327103189, 35.730166555 ], [ 139.326992648, 35.73016609 ], [ 139.326882107, 35.730165624 ], [ 139.326881537, 35.730255757 ], [ 139.326770996, 35.730255292 ], [ 139.326660455, 35.730254827 ], [ 139.326659884, 35.73034496 ], [ 139.326549343, 35.730344494 ], [ 139.326548772, 35.730434627 ], [ 139.326438231, 35.730434161 ], [ 139.32632769, 35.730433696 ], [ 139.326327118, 35.730523829 ], [ 139.326216577, 35.730523363 ], [ 139.326216006, 35.730613496 ], [ 139.326105464, 35.73061303 ], [ 139.326104893, 35.730703163 ], [ 139.325994351, 35.730702697 ], [ 139.32588381, 35.73070223 ], [ 139.325883238, 35.730792363 ], [ 139.325772696, 35.730791897 ], [ 139.325772124, 35.73088203 ], [ 139.325771553, 35.730972163 ], [ 139.325882095, 35.730972629 ], [ 139.325882666, 35.730882496 ], [ 139.325993208, 35.730882962 ], [ 139.32610375, 35.730883428 ], [ 139.326214292, 35.730883894 ], [ 139.326214863, 35.730793761 ], [ 139.326325405, 35.730794227 ], [ 139.326435946, 35.730794693 ], [ 139.326436517, 35.73070456 ], [ 139.326547059, 35.730705026 ], [ 139.32654763, 35.730614893 ], [ 139.326658171, 35.730615358 ], [ 139.326658742, 35.730525225 ], [ 139.326769284, 35.730525691 ], [ 139.326769854, 35.730435558 ], [ 139.326880395, 35.730436023 ], [ 139.326880966, 35.73034589 ], [ 139.326991507, 35.730346356 ], [ 139.327102048, 35.730346821 ], [ 139.327102619, 35.730256688 ], [ 139.327103189, 35.730166555 ] ] ] } },
{ "type": "Feature", "properties": { "A51_001": "東京都", "A51_002": "13", "A51_003": "福生市", "A51_004": "13218", "A51_005": "0.5m以上1m未満" }, "geometry": { "type": "Polygon", "coordinates": [ [ [ 139.324994323, 35.731509694 ], [ 139.324994896, 35.731419561 ], [ 139.325105438, 35.731420028 ], [ 139.325106011, 35.731329895 ], [ 139.325216553, 35.731330362 ], [ 139.325327096, 35.731330828 ], [ 139.325327668, 35.731240695 ], [ 139.32543821, 35.731241162 ], [ 139.325438782, 35.731151029 ], [ 139.325439355, 35.731060896 ], [ 139.325328813, 35.73106043 ], [ 139.325218271, 35.731059963 ], [ 139.325217698, 35.731150096 ], [ 139.325107156, 35.731149629 ], [ 139.325106583, 35.731239762 ], [ 139.324996041, 35.731239295 ], [ 139.324885499, 35.731238828 ], [ 139.324884926, 35.731328961 ], [ 139.324774384, 35.731328494 ], [ 139.324773811, 35.731418626 ], [ 139.324663268, 35.731418159 ], [ 139.324552726, 35.731417692 ], [ 139.324552152, 35.731507825 ], [ 139.324662695, 35.731508292 ], [ 139.324773238, 35.731508759 ], [ 139.32488378, 35.731509226 ], [ 139.324994323, 35.731509694 ] ] ] } },
{ "type": "Feature", "properties": { "A51_001": "東京都", "A51_002": "13", "A51_003": "福生市", "A51_004": "13218", "A51_005": "0.5m以上1m未満" }, "geometry": { "type": "Polygon", "coordinates": [ [ [ 139.32277139, 35.733393122 ], [ 139.322771965, 35.733302989 ], [ 139.32288251, 35.733303458 ], [ 139.322883086, 35.733213326 ], [ 139.32299363, 35.733213795 ], [ 139.322994206, 35.733123662 ], [ 139.32310475, 35.733124131 ], [ 139.323215295, 35.733124599 ], [ 139.32321587, 35.733034466 ], [ 139.323326415, 35.733034935 ], [ 139.323436959, 35.733035404 ], [ 139.323437534, 35.732945271 ], [ 139.323548078, 35.732945739 ], [ 139.323548653, 35.732855606 ], [ 139.323659197, 35.732856075 ], [ 139.323659772, 35.732765942 ], [ 139.323770316, 35.73276641 ], [ 139.32388086, 35.732766878 ], [ 139.323881434, 35.732676745 ], [ 139.323882008, 35.732586612 ], [ 139.323882582, 35.73249648 ], [ 139.323993126, 35.732496948 ], [ 139.3239937, 35.732406815 ], [ 139.324104244, 35.732407283 ], [ 139.324104818, 35.73231715 ], [ 139.324215362, 35.732317618 ], [ 139.324215935, 35.732227485 ], [ 139.324326479, 35.732227952 ], [ 139.324327053, 35.73213782 ], [ 139.324437596, 35.732138287 ], [ 139.324438169, 35.732048154 ], [ 139.324438743, 35.731958021 ], [ 139.324439316, 35.731867889 ], [ 139.32443989, 35.731777756 ], [ 139.324440463, 35.731687623 ], [ 139.32432992, 35.731687155 ], [ 139.324219377, 35.731686688 ], [ 139.324108834, 35.73168622 ], [ 139.324108261, 35.731776353 ], [ 139.323997718, 35.731775885 ], [ 139.323997144, 35.731866018 ], [ 139.323886601, 35.73186555 ], [ 139.323776058, 35.731865082 ], [ 139.323775483, 35.731955214 ], [ 139.32366494, 35.731954746 ], [ 139.323664366, 35.732044879 ], [ 139.323553823, 35.732044411 ], [ 139.323553248, 35.732134544 ], [ 139.323663792, 35.732135012 ], [ 139.323663217, 35.732225145 ], [ 139.323662643, 35.732315278 ], [ 139.323552099, 35.732314809 ], [ 139.323551525, 35.732404942 ], [ 139.323440981, 35.732404474 ], [ 139.323440407, 35.732494607 ], [ 139.323329863, 35.732494138 ], [ 139.323329288, 35.732584271 ], [ 139.323218744, 35.732583802 ], [ 139.323218169, 35.732673935 ], [ 139.323107625, 35.732673466 ], [ 139.32310705, 35.732763599 ], [ 139.322996506, 35.73276313 ], [ 139.322995931, 35.732853263 ], [ 139.322885386, 35.732852794 ], [ 139.322884811, 35.732942927 ], [ 139.322774266, 35.732942458 ], [ 139.322663722, 35.732941989 ], [ 139.322663146, 35.733032122 ], [ 139.322552602, 35.733031653 ], [ 139.322442057, 35.733031183 ], [ 139.322331512, 35.733030714 ], [ 139.322330937, 35.733120847 ], [ 139.322220392, 35.733120377 ], [ 139.322109847, 35.733119908 ], [ 139.322109271, 35.73321004 ], [ 139.321998726, 35.733209571 ], [ 139.32199815, 35.733299703 ], [ 139.322108695, 35.733300173 ], [ 139.32221924, 35.733300643 ], [ 139.322218664, 35.733390776 ], [ 139.322329209, 35.733391245 ], [ 139.322439754, 35.733391715 ], [ 139.3225503, 35.733392184 ], [ 139.322660845, 35.733392653 ], [ 139.32277139, 35.733393122 ] ] ] } },
{ "type": "Feature", "properties": { "A51_001": "東京都", "A51_002": "13", "A51_003": "福生市", "A51_004": "13218", "A51_005": "0.5m以上1m未満" }, "geometry": { "type": "Polygon", "coordinates": [ [ [ 139.320660056, 35.735096714 ], [ 139.320660633, 35.735006581 ], [ 139.320771181, 35.735007052 ], [ 139.320771758, 35.73491692 ], [ 139.320772336, 35.734826787 ], [ 139.320772913, 35.734736654 ], [ 139.32088346, 35.734737125 ], [ 139.320884038, 35.734646992 ], [ 139.320994585, 35.734647463 ], [ 139.320995162, 35.73455733 ], [ 139.320995739, 35.734467197 ], [ 139.320996317, 35.734377065 ], [ 139.321106863, 35.734377535 ], [ 139.321107441, 35.734287403 ], [ 139.321217987, 35.734287873 ], [ 139.321328533, 35.734288344 ], [ 139.32132911, 35.734198211 ], [ 139.321329687, 35.734108078 ], [ 139.321330264, 35.734017945 ], [ 139.32144081, 35.734018416 ], [ 139.321441387, 35.733928283 ], [ 139.321551933, 35.733928753 ], [ 139.32155251, 35.73383862 ], [ 139.321553086, 35.733748487 ], [ 139.321553663, 35.733658355 ], [ 139.321443117, 35.733657884 ], [ 139.321332572, 35.733657414 ], [ 139.321331995, 35.733747547 ], [ 139.321331418, 35.73383768 ], [ 139.321220872, 35.733837209 ], [ 139.321220295, 35.733927342 ], [ 139.321109749, 35.733926871 ], [ 139.321109172, 35.734017004 ], [ 139.320998626, 35.734016534 ], [ 139.320998049, 35.734106666 ], [ 139.320997471, 35.734196799 ], [ 139.320886925, 35.734196328 ], [ 139.320886348, 35.734286461 ], [ 139.32088577, 35.734376594 ], [ 139.320775224, 35.734376123 ], [ 139.320774646, 35.734466256 ], [ 139.320774069, 35.734556389 ], [ 139.320663522, 35.734555918 ], [ 139.320662944, 35.73464605 ], [ 139.320662366, 35.734736183 ], [ 139.320551819, 35.734735712 ], [ 139.320551242, 35.734825845 ], [ 139.320550664, 35.734915977 ], [ 139.320440116, 35.734915506 ], [ 139.320439539, 35.735005639 ], [ 139.320438961, 35.735095772 ], [ 139.320438383, 35.735185905 ], [ 139.32054893, 35.735186376 ], [ 139.320659478, 35.735186847 ], [ 139.320660056, 35.735096714 ] ] ] } },
{ "type": "Feature", "properties": { "A51_001": "東京都", "A51_002": "13", "A51_003": "福生市", "A51_004": "13218", "A51_005": "0.5m以上1m未満" }, "geometry": { "type": "Polygon", "coordinates": [ [ [ 139.320203409, 35.737348147 ], [ 139.320092859, 35.737347676 ], [ 139.32009228, 35.737437809 ], [ 139.320202831, 35.73743828 ], [ 139.320203409, 35.737348147 ] ] ] } },
{ "type": "Feature", "properties": { "A51_001": "東京都", "A51_002": "13", "A51_003": "福生市", "A51_004": "13218", "A51_005": "0.5m以上1m未満" }, "geometry": { "type": "Polygon", "coordinates": [ [ [ 139.320534483, 35.737439694 ], [ 139.320535061, 35.737349561 ], [ 139.320645612, 35.737350033 ], [ 139.320756162, 35.737350504 ], [ 139.32075674, 35.737260371 ], [ 139.32086729, 35.737260842 ], [ 139.320867868, 35.737170709 ], [ 139.320757318, 35.737170238 ], [ 139.320757895, 35.737080105 ], [ 139.320868445, 35.737080576 ], [ 139.320869023, 35.736990444 ], [ 139.320869601, 35.736900311 ], [ 139.320870178, 35.736810178 ], [ 139.320980728, 35.736810649 ], [ 139.320981305, 35.736720516 ], [ 139.320981883, 35.736630383 ], [ 139.32098246, 35.736540251 ], [ 139.32109301, 35.736540721 ], [ 139.321093587, 35.736450589 ], [ 139.321204136, 35.736451059 ], [ 139.321204713, 35.736360927 ], [ 139.321205291, 35.736270794 ], [ 139.321205868, 35.736180661 ], [ 139.321316417, 35.736181132 ], [ 139.321316994, 35.736090999 ], [ 139.321427543, 35.736091469 ], [ 139.32142812, 35.736001336 ], [ 139.321428696, 35.735911204 ], [ 139.321429273, 35.735821071 ], [ 139.321539822, 35.735821541 ], [ 139.321540399, 35.735731408 ], [ 139.321540975, 35.735641276 ], [ 139.321651524, 35.735641746 ], [ 139.3216521, 35.735551613 ], [ 139.321652677, 35.73546148 ], [ 139.321653253, 35.735371348 ], [ 139.321763801, 35.735371818 ], [ 139.321764378, 35.735281685 ], [ 139.321764954, 35.735191552 ], [ 139.321875502, 35.735192022 ], [ 139.321876078, 35.735101889 ], [ 139.321876655, 35.735011757 ], [ 139.321877231, 35.734921624 ], [ 139.321987778, 35.734922094 ], [ 139.321988354, 35.734831961 ], [ 139.322098902, 35.734832431 ], [ 139.322099478, 35.734742298 ], [ 139.322210025, 35.734742768 ], [ 139.322210601, 35.734652635 ], [ 139.322211177, 35.734562502 ], [ 139.322321724, 35.734562972 ], [ 139.322322299, 35.734472839 ], [ 139.322432846, 35.734473308 ], [ 139.322433422, 35.734383175 ], [ 139.322433997, 35.734293043 ], [ 139.322434573, 35.73420291 ], [ 139.322545119, 35.734203379 ], [ 139.322545695, 35.734113246 ], [ 139.322435149, 35.734112777 ], [ 139.322435725, 35.734022644 ], [ 139.322325179, 35.734022175 ], [ 139.322214632, 35.734021705 ], [ 139.322214057, 35.734111838 ], [ 139.32210351, 35.734111368 ], [ 139.322102934, 35.734201501 ], [ 139.321992388, 35.734201031 ], [ 139.321991812, 35.734291164 ], [ 139.321881265, 35.734290694 ], [ 139.321880689, 35.734380827 ], [ 139.321770142, 35.734380357 ], [ 139.321769566, 35.73447049 ], [ 139.321659019, 35.73447002 ], [ 139.321548473, 35.73446955 ], [ 139.321547896, 35.734559682 ], [ 139.321658443, 35.734560153 ], [ 139.321657866, 35.734650285 ], [ 139.32165729, 35.734740418 ], [ 139.321656713, 35.734830551 ], [ 139.321546166, 35.734830081 ], [ 139.321545589, 35.734920214 ], [ 139.321545012, 35.735010346 ], [ 139.321434465, 35.735009876 ], [ 139.321433888, 35.735100009 ], [ 139.321433311, 35.735190142 ], [ 139.321322764, 35.735189671 ], [ 139.321322187, 35.735279804 ], [ 139.32132161, 35.735369937 ], [ 139.321211062, 35.735369466 ], [ 139.321210485, 35.735459599 ], [ 139.321209908, 35.735549732 ], [ 139.321099359, 35.735549261 ], [ 139.321098782, 35.735639394 ], [ 139.321098205, 35.735729527 ], [ 139.321097628, 35.735819659 ], [ 139.320987079, 35.735819189 ], [ 139.320986502, 35.735909322 ], [ 139.320985924, 35.735999454 ], [ 139.320985347, 35.736089587 ], [ 139.320874798, 35.736089116 ], [ 139.320874221, 35.736179249 ], [ 139.320873643, 35.736269382 ], [ 139.320873066, 35.736359514 ], [ 139.320872488, 35.736449647 ], [ 139.320761939, 35.736449176 ], [ 139.320761361, 35.736539309 ], [ 139.320650812, 35.736538838 ], [ 139.320650234, 35.736628971 ], [ 139.320649656, 35.736719103 ], [ 139.320649078, 35.736809236 ], [ 139.320648501, 35.736899369 ], [ 139.320537951, 35.736898898 ], [ 139.320537373, 35.736989031 ], [ 139.320536795, 35.737079163 ], [ 139.320536217, 35.737169296 ], [ 139.320535639, 35.737259429 ], [ 139.320425088, 35.737258957 ], [ 139.320314538, 35.737258486 ], [ 139.32031396, 35.737348619 ], [ 139.320313382, 35.737438752 ], [ 139.320423932, 35.737439223 ], [ 139.320534483, 35.737439694 ] ] ] } },
{ "type": "Feature", "properties": { "A51_001": "東京都", "A51_002": "13", "A51_003": "福生市", "A51_004": "13218", "A51_005": "0.5m以上1m未満" }, "geometry": { "type": "Polygon", "coordinates": [ [ [ 139.319981729, 35.737437337 ], [ 139.319871179, 35.737436865 ], [ 139.3198706, 35.737526998 ], [ 139.319981151, 35.73752747 ], [ 139.319981729, 35.737437337 ] ] ] } },
{ "type": "Feature", "properties": { "A51_001": "東京都", "A51_002": "13", "A51_003": "福生市", "A51_004": "13218", "A51_005": "0.5m以上1m未満" }, "geometry": { "type": "Polygon", "coordinates": [ [ [ 139.319977101, 35.738158399 ], [ 139.31997768, 35.738068266 ], [ 139.320088231, 35.738068738 ], [ 139.32008881, 35.737978605 ], [ 139.319978258, 35.737978133 ], [ 139.319867707, 35.737977661 ], [ 139.319867128, 35.738067794 ], [ 139.319866549, 35.738157927 ], [ 139.319977101, 35.738158399 ] ] ] } },
{ "type": "Feature", "properties": { "A51_001": "東京都", "A51_002": "13", "A51_003": "福生市", "A51_004": "13218", "A51_005": "0.5m以上1m未満" }, "geometry": { "type": "Polygon", "coordinates": [ [ [ 139.319754261, 35.738427853 ], [ 139.319643709, 35.738427381 ], [ 139.31964313, 35.738517514 ], [ 139.319642551, 35.738607647 ], [ 139.319641972, 35.738697779 ], [ 139.319752525, 35.738698251 ], [ 139.319751946, 35.738788384 ], [ 139.319862498, 35.738788856 ], [ 139.319863077, 35.738698723 ], [ 139.319863656, 35.73860859 ], [ 139.319864235, 35.738518458 ], [ 139.319864813, 35.738428325 ], [ 139.319754261, 35.738427853 ] ] ] } },
{ "type": "Feature", "properties": { "A51_001": "東京都", "A51_002": "13", "A51_003": "福生市", "A51_004": "13218", "A51_005": "0.5m以上1m未満" }, "geometry": { "type": "Polygon", "coordinates": [ [ [ 139.322565288, 35.748354681 ], [ 139.322454722, 35.748354211 ], [ 139.322454146, 35.748444344 ], [ 139.32245357, 35.748534476 ], [ 139.322564136, 35.748534946 ], [ 139.322674702, 35.748535415 ], [ 139.322674126, 35.748625548 ], [ 139.322784693, 35.748626017 ], [ 139.322895259, 35.748626486 ], [ 139.322895834, 35.748536354 ], [ 139.32289641, 35.748446221 ], [ 139.322785844, 35.748445752 ], [ 139.322786419, 35.748355619 ], [ 139.322675854, 35.74835515 ], [ 139.322565288, 35.748354681 ] ] ] } },
{ "type": "Feature", "properties": { "A51_001": "東京都", "A51_002": "13", "A51_003": "福生市", "A51_004": "13218", "A51_005": "0.5m以上1m未満" }, "geometry": { "type": "Polygon", "coordinates": [ [ [ 139.32344694, 35.748809096 ], [ 139.323447515, 35.748718963 ], [ 139.323336949, 35.748718495 ], [ 139.323336374, 35.748808627 ], [ 139.323225807, 35.748808158 ], [ 139.323115241, 35.74880769 ], [ 139.323114666, 35.748897822 ], [ 139.323225232, 35.748898291 ], [ 139.323335799, 35.74889876 ], [ 139.323446366, 35.748899229 ], [ 139.32344694, 35.748809096 ] ] ] } },
{ "type": "Feature", "properties": { "A51_001": "東京都", "A51_002": "13", "A51_003": "福生市", "A51_004": "13218", "A51_005": "1m以上3m未満" }, "geometry": { "type": "Polygon", "coordinates": [ [ [ 139.330364969, 35.721256829 ], [ 139.330365536, 35.721166696 ], [ 139.330476064, 35.721167158 ], [ 139.33047663, 35.721077024 ], [ 139.330477197, 35.720986891 ], [ 139.330477763, 35.720896758 ], [ 139.330478329, 35.720806625 ], [ 139.330478896, 35.720716492 ], [ 139.330368368, 35.72071603 ], [ 139.330368934, 35.720625897 ], [ 139.330369501, 35.720535764 ], [ 139.330258973, 35.720535302 ], [ 139.33025954, 35.720445169 ], [ 139.330260107, 35.720355036 ], [ 139.330260673, 35.720264903 ], [ 139.33026124, 35.720174769 ], [ 139.330261806, 35.720084636 ], [ 139.330262373, 35.719994503 ], [ 139.33026294, 35.71990437 ], [ 139.330152413, 35.719903908 ], [ 139.330041886, 35.719903446 ], [ 139.330041319, 35.719993579 ], [ 139.330040753, 35.720083712 ], [ 139.330040186, 35.720173845 ], [ 139.330039619, 35.720263978 ], [ 139.330039052, 35.720354111 ], [ 139.330038485, 35.720444244 ], [ 139.330037918, 35.720534378 ], [ 139.330037351, 35.720624511 ], [ 139.330036785, 35.720714644 ], [ 139.330036218, 35.720804777 ], [ 139.330035651, 35.72089491 ], [ 139.330035084, 35.720985043 ], [ 139.330034517, 35.721075176 ], [ 139.33003395, 35.721165309 ], [ 139.330033383, 35.721255442 ], [ 139.330032817, 35.721345575 ], [ 139.33003225, 35.721435709 ], [ 139.330031683, 35.721525842 ], [ 139.330142212, 35.721526304 ], [ 139.330141645, 35.721616437 ], [ 139.330252174, 35.721616899 ], [ 139.330362703, 35.721617361 ], [ 139.33036327, 35.721527228 ], [ 139.330363836, 35.721437095 ], [ 139.330364403, 35.721346962 ], [ 139.330364969, 35.721256829 ] ] ] } },
{ "type": "Feature", "properties": { "A51_001": "東京都", "A51_002": "13", "A51_003": "福生市", "A51_004": "13218", "A51_005": "1m以上3m未満" }, "geometry": { "type": "Polygon", "coordinates": [ [ [ 139.329552115, 35.727472772 ], [ 139.329552682, 35.727382639 ], [ 139.329663219, 35.727383102 ], [ 139.329773756, 35.727383565 ], [ 139.329774324, 35.727293432 ], [ 139.329774891, 35.727203299 ], [ 139.329775458, 35.727113166 ], [ 139.329664921, 35.727112703 ], [ 139.329665489, 35.72702257 ], [ 139.329666056, 35.726932437 ], [ 139.329666624, 35.726842304 ], [ 139.329667191, 35.726752171 ], [ 139.329667758, 35.726662038 ], [ 139.329668326, 35.726571905 ], [ 139.329668893, 35.726481772 ], [ 139.329779429, 35.726482235 ], [ 139.329779996, 35.726392102 ], [ 139.329780564, 35.726301969 ], [ 139.329891099, 35.726302431 ], [ 139.329891666, 35.726212298 ], [ 139.329892233, 35.726122165 ], [ 139.3298928, 35.726032032 ], [ 139.329893368, 35.725941899 ], [ 139.329893935, 35.725851766 ], [ 139.33000447, 35.725852228 ], [ 139.330005037, 35.725762095 ], [ 139.330005604, 35.725671962 ], [ 139.330116138, 35.725672425 ], [ 139.330116705, 35.725582292 ], [ 139.330117272, 35.725492159 ], [ 139.330117839, 35.725402026 ], [ 139.330118406, 35.725311893 ], [ 139.330118973, 35.725221759 ], [ 139.330119539, 35.725131626 ], [ 139.330120106, 35.725041493 ], [ 139.330120673, 35.72495136 ], [ 139.33012124, 35.724861227 ], [ 139.330121807, 35.724771094 ], [ 139.330122374, 35.724680961 ], [ 139.330122941, 35.724590828 ], [ 139.330012407, 35.724590366 ], [ 139.330012974, 35.724500233 ], [ 139.329902441, 35.724499771 ], [ 139.329901874, 35.724589904 ], [ 139.329901307, 35.724680037 ], [ 139.32990074, 35.72477017 ], [ 139.329900173, 35.724860303 ], [ 139.329899606, 35.724950436 ], [ 139.329899039, 35.725040569 ], [ 139.329788505, 35.725040106 ], [ 139.329787938, 35.725130239 ], [ 139.329787371, 35.725220372 ], [ 139.329786803, 35.725310505 ], [ 139.329786236, 35.725400638 ], [ 139.329785669, 35.725490771 ], [ 139.329675134, 35.725490309 ], [ 139.329674567, 35.725580442 ], [ 139.329674, 35.725670575 ], [ 139.329673432, 35.725760708 ], [ 139.329672865, 35.725850841 ], [ 139.329672298, 35.725940974 ], [ 139.32967173, 35.726031107 ], [ 139.329561195, 35.726030644 ], [ 139.329560628, 35.726120777 ], [ 139.32956006, 35.72621091 ], [ 139.329559493, 35.726301043 ], [ 139.329558925, 35.726391176 ], [ 139.329558357, 35.726481309 ], [ 139.329447822, 35.726480846 ], [ 139.329447254, 35.72657098 ], [ 139.329446686, 35.726661113 ], [ 139.329446119, 35.726751246 ], [ 139.329445551, 35.726841379 ], [ 139.329335015, 35.726840916 ], [ 139.329334447, 35.726931049 ], [ 139.329333879, 35.727021182 ], [ 139.329333312, 35.727111315 ], [ 139.329332744, 35.727201448 ], [ 139.329332176, 35.727291581 ], [ 139.329221639, 35.727291118 ], [ 139.329221071, 35.727381251 ], [ 139.329220503, 35.727471384 ], [ 139.32933104, 35.727471847 ], [ 139.329441578, 35.72747231 ], [ 139.329552115, 35.727472772 ] ] ] } },
{ "type": "Feature", "properties": { "A51_001": "東京都", "A51_002": "13", "A51_003": "福生市", "A51_004": "13218", "A51_005": "1m以上3m未満" }, "geometry": { "type": "Polygon", "coordinates": [ [ [ 139.329107126, 35.727921585 ], [ 139.328996588, 35.727921122 ], [ 139.32899602, 35.728011255 ], [ 139.329106558, 35.728011718 ], [ 139.329217096, 35.728012181 ], [ 139.329217664, 35.727922048 ], [ 139.329107126, 35.727921585 ] ] ] } },
{ "type": "Feature", "properties": { "A51_001": "東京都", "A51_002": "13", "A51_003": "福生市", "A51_004": "13218", "A51_005": "1m以上3m未満" }, "geometry": { "type": "Polygon", "coordinates": [ [ [ 139.322663146, 35.733032122 ], [ 139.322663722, 35.732941989 ], [ 139.322774266, 35.732942458 ], [ 139.322884811, 35.732942927 ], [ 139.322885386, 35.732852794 ], [ 139.322995931, 35.732853263 ], [ 139.322996506, 35.73276313 ], [ 139.32310705, 35.732763599 ], [ 139.323107625, 35.732673466 ], [ 139.323218169, 35.732673935 ], [ 139.323218744, 35.732583802 ], [ 139.323329288, 35.732584271 ], [ 139.323329863, 35.732494138 ], [ 139.323440407, 35.732494607 ], [ 139.323440981, 35.732404474 ], [ 139.323551525, 35.732404942 ], [ 139.323552099, 35.732314809 ], [ 139.323662643, 35.732315278 ], [ 139.323663217, 35.732225145 ], [ 139.323663792, 35.732135012 ], [ 139.323553248, 35.732134544 ], [ 139.323442705, 35.732134075 ], [ 139.32344213, 35.732224208 ], [ 139.323331587, 35.73222374 ], [ 139.323331012, 35.732313872 ], [ 139.323220468, 35.732313404 ], [ 139.323219893, 35.732403537 ], [ 139.32310935, 35.732403068 ], [ 139.323108775, 35.732493201 ], [ 139.322998231, 35.732492732 ], [ 139.322997656, 35.732582865 ], [ 139.322887112, 35.732582396 ], [ 139.322886537, 35.732672529 ], [ 139.322775992, 35.73267206 ], [ 139.322775417, 35.732762193 ], [ 139.322664873, 35.732761723 ], [ 139.322664297, 35.732851856 ], [ 139.322553753, 35.732851387 ], [ 139.322553177, 35.73294152 ], [ 139.322442633, 35.732941051 ], [ 139.322442057, 35.733031183 ], [ 139.322552602, 35.733031653 ], [ 139.322663146, 35.733032122 ] ] ] } },
{ "type": "Feature", "properties": { "A51_001": "東京都", "A51_002": "13", "A51_003": "福生市", "A51_004": "13218", "A51_005": "1m以上3m未満" }, "geometry": { "type": "Polygon", "coordinates": [ [ [ 139.32009228, 35.737437809 ], [ 139.320092859, 35.737347676 ], [ 139.320203409, 35.737348147 ], [ 139.32031396, 35.737348619 ], [ 139.320314538, 35.737258486 ], [ 139.320425088, 35.737258957 ], [ 139.320535639, 35.737259429 ], [ 139.320536217, 35.737169296 ], [ 139.320536795, 35.737079163 ], [ 139.320537373, 35.736989031 ], [ 139.320537951, 35.736898898 ], [ 139.320648501, 35.736899369 ], [ 139.320649078, 35.736809236 ], [ 139.320649656, 35.736719103 ], [ 139.320650234, 35.736628971 ], [ 139.320650812, 35.736538838 ], [ 139.320761361, 35.736539309 ], [ 139.320761939, 35.736449176 ], [ 139.320872488, 35.736449647 ], [ 139.320873066, 35.736359514 ], [ 139.320873643, 35.736269382 ], [ 139.320874221, 35.736179249 ], [ 139.320874798, 35.736089116 ], [ 139.320985347, 35.736089587 ], [ 139.320985924, 35.735999454 ], [ 139.320986502, 35.735909322 ], [ 139.320987079, 35.735819189 ], [ 139.321097628, 35.735819659 ], [ 139.321098205, 35.735729527 ], [ 139.321098782, 35.735639394 ], [ 139.321099359, 35.735549261 ], [ 139.321209908, 35.735549732 ], [ 139.321210485, 35.735459599 ], [ 139.321211062, 35.735369466 ], [ 139.32132161, 35.735369937 ], [ 139.321322187, 35.735279804 ], [ 139.321322764, 35.735189671 ], [ 139.321433311, 35.735190142 ], [ 139.321433888, 35.735100009 ], [ 139.321434465, 35.735009876 ], [ 139.321545012, 35.735010346 ], [ 139.321545589, 35.734920214 ], [ 139.321546166, 35.734830081 ], [ 139.321656713, 35.734830551 ], [ 139.32165729, 35.734740418 ], [ 139.321657866, 35.734650285 ], [ 139.321658443, 35.734560153 ], [ 139.321547896, 35.734559682 ], [ 139.321437349, 35.734559212 ], [ 139.321436772, 35.734649345 ], [ 139.321326225, 35.734648875 ], [ 139.321325649, 35.734739007 ], [ 139.321215101, 35.734738537 ], [ 139.321214524, 35.73482867 ], [ 139.321103977, 35.734828199 ], [ 139.3211034, 35.734918332 ], [ 139.320992853, 35.734917861 ], [ 139.320992275, 35.735007994 ], [ 139.320881728, 35.735007523 ], [ 139.320881151, 35.735097656 ], [ 139.320880573, 35.735187789 ], [ 139.320770025, 35.735187318 ], [ 139.320769448, 35.735277451 ], [ 139.32076887, 35.735367583 ], [ 139.320658322, 35.735367112 ], [ 139.320657745, 35.735457245 ], [ 139.320657167, 35.735547378 ], [ 139.320656589, 35.735637511 ], [ 139.320546041, 35.73563704 ], [ 139.320545463, 35.735727172 ], [ 139.320544885, 35.735817305 ], [ 139.320434337, 35.735816834 ], [ 139.320433759, 35.735906967 ], [ 139.320433181, 35.735997099 ], [ 139.320432603, 35.736087232 ], [ 139.320322054, 35.736086761 ], [ 139.320321476, 35.736176893 ], [ 139.320320898, 35.736267026 ], [ 139.320320319, 35.736357159 ], [ 139.32020977, 35.736356687 ], [ 139.320209192, 35.73644682 ], [ 139.320208614, 35.736536953 ], [ 139.320208035, 35.736627086 ], [ 139.320097486, 35.736626614 ], [ 139.320096907, 35.736716747 ], [ 139.320096329, 35.73680688 ], [ 139.319985779, 35.736806408 ], [ 139.319985201, 35.736896541 ], [ 139.319984622, 35.736986673 ], [ 139.319984044, 35.737076806 ], [ 139.319873493, 35.737076334 ], [ 139.319872915, 35.737166467 ], [ 139.319872336, 35.7372566 ], [ 139.319871757, 35.737346733 ], [ 139.319871179, 35.737436865 ], [ 139.319981729, 35.737437337 ], [ 139.32009228, 35.737437809 ] ] ] } },
{ "type": "Feature", "properties": { "A51_001": "東京都", "A51_002": "13", "A51_003": "福生市", "A51_004": "13218", "A51_005": "1m以上3m未満" }, "geometry": { "type": "Polygon", "coordinates": [ [ [ 139.323116391, 35.748627424 ], [ 139.323116967, 35.748537292 ], [ 139.3230064, 35.748536823 ], [ 139.322895834, 35.748536354 ], [ 139.322895259, 35.748626486 ], [ 139.322784693, 35.748626017 ], [ 139.322784117, 35.74871615 ], [ 139.322894683, 35.748716619 ], [ 139.32300525, 35.748717088 ], [ 139.323004674, 35.748807221 ], [ 139.323115241, 35.74880769 ], [ 139.323225807, 35.748808158 ], [ 139.323336374, 35.748808627 ], [ 139.323336949, 35.748718495 ], [ 139.323226382, 35.748718026 ], [ 139.323226958, 35.748627893 ], [ 139.323116391, 35.748627424 ] ] ] } }
]
}
